key,0,1,2,3,4,5,6,7,8,9,10,11,12,13,14,15,16,17,18,19
#,Number,Icon,Stats,Description,LocationKey,Location,RequiredForQuest,PreviousQuest,TargetsEnemy,TargetsSelfOrAlly,CauseSlow,CausePetrify,CauseParalysis,CauseInterrupt,CauseBlind,CauseStun,CauseSleep,CauseBind,CauseHeavy,CauseDeath
int32,byte,Image,str,str,byte,Row,Quest,Quest,bit&01,bit&02,bit&04,bit&08,bit&10,bit&20,bit&40,bit&80,bit&01,bit&02,bit&04,bit&08
0,0,0,"","",0,0,0,0,False,False,False,False,False,False,False,False,False,False,False,False
1,25,72201,"<UIForeground>F201F8</UIForeground><UIGlow>F201F9</UIGlow>攻擊類型：<UIGlow>01</UIGlow><UIForeground>01</UIForeground>魔法
<UIForeground>F201F8</UIForeground><UIGlow>F201F9</UIGlow>攻擊屬性：<UIGlow>01</UIGlow><UIForeground>01</UIForeground>風
<UIForeground>F201F8</UIForeground><UIGlow>F201F9</UIGlow>評級：<UIGlow>01</UIGlow><UIForeground>01</UIForeground>★★★★
","杜彭老師的秘技。
噴出猛烈的鼻息來攻擊正面敵人的青魔法。除了能讓敵人受到狂風侵襲外，還可以微妙地造成一些精神傷害。",4,81,0,0,True,False,False,False,False,False,False,False,False,False,False,False
2,26,72202,"<UIForeground>F201F8</UIForeground><UIGlow>F201F9</UIGlow>攻擊類型：<UIGlow>01</UIGlow><UIForeground>01</UIForeground>物理打擊
<UIForeground>F201F8</UIForeground><UIGlow>F201F9</UIGlow>攻擊屬性：<UIGlow>01</UIGlow><UIForeground>01</UIForeground>無
<UIForeground>F201F8</UIForeground><UIGlow>F201F9</UIGlow>評級：<UIGlow>01</UIGlow><UIForeground>01</UIForeground>★★★★
","奧爾特羅斯的絕招。
製造出虛幻的砝碼並使其落下壓向敵人。實際上砝碼究竟是不是正好4星噸就不好說了。",4,81,0,0,True,False,False,False,False,False,False,False,False,False,True,False
3,1,72203,"<UIForeground>F201F8</UIForeground><UIGlow>F201F9</UIGlow>攻擊類型：<UIGlow>01</UIGlow><UIForeground>01</UIForeground>魔法
<UIForeground>F201F8</UIForeground><UIGlow>F201F9</UIGlow>攻擊屬性：<UIGlow>01</UIGlow><UIForeground>01</UIForeground>水
<UIForeground>F201F8</UIForeground><UIGlow>F201F9</UIGlow>評級：<UIGlow>01</UIGlow><UIForeground>01</UIForeground>★
","從克拉肯身上學習到的青魔法。
放出高壓水流對敵人造成衝擊。因為是利用水屬性乙太凝聚空氣中的水分，所以即使在看似沒有水的地方也能夠使用。",3,0,0,0,True,False,False,False,False,False,False,False,False,False,False,False
4,9,72204,"<UIForeground>F201F8</UIForeground><UIGlow>F201F9</UIGlow>攻擊類型：<UIGlow>01</UIGlow><UIForeground>01</UIForeground>魔法
<UIForeground>F201F8</UIForeground><UIGlow>F201F9</UIGlow>攻擊屬性：<UIGlow>01</UIGlow><UIForeground>01</UIForeground>無
<UIForeground>F201F8</UIForeground><UIGlow>F201F9</UIGlow>評級：<UIGlow>01</UIGlow><UIForeground>01</UIForeground>★★
","賽蓮所擅長的青魔法。
將惡毒的魔力融入歌聲，污染聽到的人的精神，由此引起敵人的幻痛，間接對肉體造成傷害。",4,17,0,0,True,False,False,False,False,False,False,False,False,False,False,False
5,6,72205,"<UIForeground>F201F8</UIForeground><UIGlow>F201F9</UIGlow>攻擊類型：<UIGlow>01</UIGlow><UIForeground>01</UIForeground>魔法
<UIForeground>F201F8</UIForeground><UIGlow>F201F9</UIGlow>攻擊屬性：<UIGlow>01</UIGlow><UIForeground>01</UIForeground>雷
<UIForeground>F201F8</UIForeground><UIGlow>F201F9</UIGlow>評級：<UIGlow>01</UIGlow><UIForeground>01</UIForeground>★★★★
","亞拉戈帝國開發出的機械魔法。
嘗試讓機械發動魔法的過程中誕生的產物。首先控制雷屬性乙太，然後提高電壓，最後將電流向四周放射出去。",4,93,0,0,True,False,False,False,True,False,False,False,False,False,False,False
6,28,72206,"<UIForeground>F201F8</UIForeground><UIGlow>F201F9</UIGlow>攻擊類型：<UIGlow>01</UIGlow><UIForeground>01</UIForeground>魔法
<UIForeground>F201F8</UIForeground><UIGlow>F201F9</UIGlow>攻擊屬性：<UIGlow>01</UIGlow><UIForeground>01</UIForeground>無
<UIForeground>F201F8</UIForeground><UIGlow>F201F9</UIGlow>評級：<UIGlow>01</UIGlow><UIForeground>01</UIForeground>★★★
","毛爾波爾使用的青魔法。
操縱風土兩種屬性的乙太，使乙太轉向靈極性，由此向口中吐出的氣息中加入毒素大範圍噴射。被稱為是最臭的青魔法。",1,54,0,0,True,False,True,False,True,True,True,False,False,False,True,False
7,4,72207,"<UIForeground>F201F8</UIForeground><UIGlow>F201F9</UIGlow>攻擊類型：<UIGlow>01</UIGlow><UIForeground>01</UIForeground>物理打擊
<UIForeground>F201F8</UIForeground><UIGlow>F201F9</UIGlow>攻擊屬性：<UIGlow>01</UIGlow><UIForeground>01</UIForeground>無
<UIForeground>F201F8</UIForeground><UIGlow>F201F9</UIGlow>評級：<UIGlow>01</UIGlow><UIForeground>01</UIForeground>★★★
","祖鳥使用的青魔法。
使用魔法操縱自身的精神，消除腦內的恐懼並增幅憤怒，以此解除肉體的枷鎖，將全部力量發揮出來攻向敵人。",4,17,0,0,True,False,False,False,False,False,False,False,False,False,False,False
8,3,72208,"<UIForeground>F201F8</UIForeground><UIGlow>F201F9</UIGlow>攻擊類型：<UIGlow>01</UIGlow><UIForeground>01</UIForeground>魔法
<UIForeground>F201F8</UIForeground><UIGlow>F201F9</UIGlow>攻擊屬性：<UIGlow>01</UIGlow><UIForeground>01</UIForeground>水
<UIForeground>F201F8</UIForeground><UIGlow>F201F9</UIGlow>評級：<UIGlow>01</UIGlow><UIForeground>01</UIForeground>★★★★
","標誌性的水屬性青魔法。
以強大的魔力操縱周圍的水分，製造出大量的水泡包裹住敵人。更能加入有毒成分，侵蝕被包裹的敵人。",4,81,0,0,True,False,False,False,False,False,False,False,False,False,False,False
9,11,72209,"<UIForeground>F201F8</UIForeground><UIGlow>F201F9</UIGlow>攻擊類型：<UIGlow>01</UIGlow><UIForeground>01</UIForeground>魔法
<UIForeground>F201F8</UIForeground><UIGlow>F201F9</UIGlow>攻擊屬性：<UIGlow>01</UIGlow><UIForeground>01</UIForeground>土
<UIForeground>F201F8</UIForeground><UIGlow>F201F9</UIGlow>評級：<UIGlow>01</UIGlow><UIForeground>01</UIForeground>★★
","土屬性的魔法生物使用的青魔法。
使用魔法操縱乙太來引發局部地震。據說魔力強大的人使用時連地形都能改變。",4,18,0,0,True,False,False,False,False,False,False,False,False,False,False,False
10,18,72210,"<UIForeground>F201F8</UIForeground><UIGlow>F201F9</UIGlow>攻擊類型：<UIGlow>01</UIGlow><UIForeground>01</UIForeground>魔法
<UIForeground>F201F8</UIForeground><UIGlow>F201F9</UIGlow>攻擊屬性：<UIGlow>01</UIGlow><UIForeground>01</UIForeground>無
<UIForeground>F201F8</UIForeground><UIGlow>F201F9</UIGlow>評級：<UIGlow>01</UIGlow><UIForeground>01</UIForeground>★
","樹妖等草木綱魔物使用的青魔法。
撒出橡果狀的魔力塊並引起連鎖爆炸，借此散佈具有催眠效果的成分。這種魔法是為了從取食樹液的百蟲綱魔物手中保護自己而誕生的。",1,57,0,0,True,False,False,False,False,False,False,False,True,False,False,False
11,12,72211,"<UIForeground>F201F8</UIForeground><UIGlow>F201F9</UIGlow>攻擊類型：<UIGlow>01</UIGlow><UIForeground>01</UIForeground>魔法
<UIForeground>F201F8</UIForeground><UIGlow>F201F9</UIGlow>攻擊屬性：<UIGlow>01</UIGlow><UIForeground>01</UIForeground>無
<UIForeground>F201F8</UIForeground><UIGlow>F201F9</UIGlow>評級：<UIGlow>01</UIGlow><UIForeground>01</UIForeground>★★
","野生生物的鬥爭本能。
通過憤怒來增幅魔力，提高自身的戰鬥能力。青魔道士拿來用的話也許能提高魔法攻擊的威力。",1,55,0,0,False,True,False,False,False,False,False,False,False,False,False,False
12,41,72212,"<UIForeground>F201F8</UIForeground><UIGlow>F201F9</UIGlow>攻擊類型：<UIGlow>01</UIGlow><UIForeground>01</UIForeground>魔法
<UIForeground>F201F8</UIForeground><UIGlow>F201F9</UIGlow>攻擊屬性：<UIGlow>01</UIGlow><UIForeground>01</UIForeground>無
<UIForeground>F201F8</UIForeground><UIGlow>F201F9</UIGlow>評級：<UIGlow>01</UIGlow><UIForeground>01</UIForeground>★
","奪魂魔使用的精神攻擊魔法。
使敵人產生身體遭到切割的錯覺，伴隨著麻痺對敵人的身體造成傷害。據說擅長限制對手的忍術兵爆破者也會使用。",4,2,68731,68730,True,False,False,False,True,False,False,False,False,False,False,False
13,17,72213,"<UIForeground>F201F8</UIForeground><UIGlow>F201F9</UIGlow>攻擊類型：<UIGlow>01</UIGlow><UIForeground>01</UIForeground>魔法
<UIForeground>F201F8</UIForeground><UIGlow>F201F9</UIGlow>攻擊屬性：<UIGlow>01</UIGlow><UIForeground>01</UIForeground>無
<UIForeground>F201F8</UIForeground><UIGlow>F201F9</UIGlow>評級：<UIGlow>01</UIGlow><UIForeground>01</UIForeground>★
","蝙蝠和沙蚤使用的青魔法。
通過血液吸收敵人的生命乙太，並轉化為自身的魔力。人們推測最初這種魔法是由攝取養分的吸血行為逐漸演變來的。",1,31,68730,68729,True,True,False,False,False,False,False,False,False,False,False,False
14,19,72214,"<UIForeground>F201F8</UIForeground><UIGlow>F201F9</UIGlow>攻擊類型：<UIGlow>01</UIGlow><UIForeground>01</UIForeground>魔法
<UIForeground>F201F8</UIForeground><UIGlow>F201F9</UIGlow>攻擊屬性：<UIGlow>01</UIGlow><UIForeground>01</UIForeground>火
<UIForeground>F201F8</UIForeground><UIGlow>F201F9</UIGlow>評級：<UIGlow>01</UIGlow><UIForeground>01</UIForeground>★★
","模仿哥布林族投擲炸彈的青魔法。
哥布林族在炸彈的火藥裡加入魔力，以此提高爆炸威力。用青魔法模仿這種形式，造出虛假的炸彈進行燃燒攻擊。",1,30,0,0,True,False,False,False,False,False,False,True,False,False,False,False
15,36,72215,"<UIForeground>F201F8</UIForeground><UIGlow>F201F9</UIGlow>攻擊類型：<UIGlow>01</UIGlow><UIForeground>01</UIForeground>物理突刺
<UIForeground>F201F8</UIForeground><UIGlow>F201F9</UIGlow>攻擊屬性：<UIGlow>01</UIGlow><UIForeground>01</UIForeground>無
<UIForeground>F201F8</UIForeground><UIGlow>F201F9</UIGlow>評級：<UIGlow>01</UIGlow><UIForeground>01</UIForeground>★★★★
","仙人掌擅長的射出針刺攻擊。
不過實際上並不會真的射出針刺，而是將細長的魔力塊快速射出，使敵人受到如同針扎般的痛楚。",1,45,68733,68732,True,False,False,False,False,False,False,False,False,False,False,False
16,5,72216,"<UIForeground>F201F8</UIForeground><UIGlow>F201F9</UIGlow>攻擊類型：<UIGlow>01</UIGlow><UIForeground>01</UIForeground>物理突刺
<UIForeground>F201F8</UIForeground><UIGlow>F201F9</UIGlow>攻擊屬性：<UIGlow>01</UIGlow><UIForeground>01</UIForeground>無
<UIForeground>F201F8</UIForeground><UIGlow>F201F9</UIGlow>評級：<UIGlow>01</UIGlow><UIForeground>01</UIForeground>★★
","模仿魔導兵器攻擊方式的青魔法。
讓奔湧的魔力旋轉起來，以此獲得驚人的貫穿力。由於魔導兵器的這種攻擊手段本身是從鑿石機上得到的靈感，所以這個青魔法對被石化的敵人也有更加顯著的效果。",1,46,0,0,True,False,False,False,False,False,False,False,False,False,False,False
17,27,72217,"<UIForeground>F201F8</UIForeground><UIGlow>F201F9</UIGlow>攻擊類型：<UIGlow>01</UIGlow><UIForeground>01</UIForeground>魔法
<UIForeground>F201F8</UIForeground><UIGlow>F201F9</UIGlow>攻擊屬性：<UIGlow>01</UIGlow><UIForeground>01</UIForeground>無
<UIForeground>F201F8</UIForeground><UIGlow>F201F9</UIGlow>評級：<UIGlow>01</UIGlow><UIForeground>01</UIForeground>★★
","達哈卡等妖異使用的攻擊方式。
以眼球為基礎構築魔法陣，凝聚魔力和惡意一併放射出去，因此可以引起敵人更大的敵意。",4,14,0,0,True,False,False,False,False,False,False,False,False,False,False,False
18,15,72218,"<UIForeground>F201F8</UIForeground><UIGlow>F201F9</UIGlow>攻擊類型：<UIGlow>01</UIGlow><UIForeground>01</UIForeground>物理斬擊
<UIForeground>F201F8</UIForeground><UIGlow>F201F9</UIGlow>攻擊屬性：<UIGlow>01</UIGlow><UIForeground>01</UIForeground>無
<UIForeground>F201F8</UIForeground><UIGlow>F201F9</UIGlow>評級：<UIGlow>01</UIGlow><UIForeground>01</UIForeground>★★★★
","提燈怪使用的青魔法。
用魔力聚集所有的怨恨之情，提高武器的鋒利程度砍向敵人。對於無法動彈的敵人來說這種攻擊非常可怕。",4,10,0,0,True,False,False,False,False,False,False,False,False,False,False,False
19,7,72219,"<UIForeground>F201F8</UIForeground><UIGlow>F201F9</UIGlow>攻擊類型：<UIGlow>01</UIGlow><UIForeground>01</UIForeground>魔法
<UIForeground>F201F8</UIForeground><UIGlow>F201F9</UIGlow>攻擊屬性：<UIGlow>01</UIGlow><UIForeground>01</UIForeground>無
<UIForeground>F201F8</UIForeground><UIGlow>F201F9</UIGlow>評級：<UIGlow>01</UIGlow><UIForeground>01</UIForeground>★
","一種傳送魔法。
將自身的魔力流出，以此製造簡易的地脈，利用簡易地脈進行傳送。只能移動很短的距離，但需要緊急迴避時十分有效。",1,46,0,0,False,False,False,False,False,False,False,False,False,False,False,False
20,2,72220,"<UIForeground>F201F8</UIForeground><UIGlow>F201F9</UIGlow>攻擊類型：<UIGlow>01</UIGlow><UIForeground>01</UIForeground>魔法
<UIForeground>F201F8</UIForeground><UIGlow>F201F9</UIGlow>攻擊屬性：<UIGlow>01</UIGlow><UIForeground>01</UIForeground>火
<UIForeground>F201F8</UIForeground><UIGlow>F201F9</UIGlow>評級：<UIGlow>01</UIGlow><UIForeground>01</UIForeground>★★★★
","向自身前方放出火焰的青魔法。
與咒術中的火炎原理相似，通過放出火屬性乙太來引起火焰燃燒的現象。也有兵器可以通過噴射可燃液體加以點燃來產生相似效果。",4,20,0,0,True,False,False,False,False,False,False,False,False,False,False,False
21,23,72221,"<UIForeground>F201F8</UIForeground><UIGlow>F201F9</UIGlow>攻擊類型：<UIGlow>01</UIGlow><UIForeground>01</UIForeground>魔法
<UIForeground>F201F8</UIForeground><UIGlow>F201F9</UIGlow>攻擊屬性：<UIGlow>01</UIGlow><UIForeground>01</UIForeground>無
<UIForeground>F201F8</UIForeground><UIGlow>F201F9</UIGlow>評級：<UIGlow>01</UIGlow><UIForeground>01</UIForeground>★★★
","盧恩族擅長的青魔法。
為了從凶猛的肉食野獸口中保護自己而創造出的魔法，將魔力凝聚在手掌上，通過拍手產生的衝擊波來驚嚇敵人。",1,32,68732,68731,True,False,False,False,False,False,False,True,False,False,False,False
22,10,72222,"<UIForeground>F201F8</UIForeground><UIGlow>F201F9</UIGlow>攻擊類型：<UIGlow>01</UIGlow><UIForeground>01</UIForeground>魔法
<UIForeground>F201F8</UIForeground><UIGlow>F201F9</UIGlow>攻擊屬性：<UIGlow>01</UIGlow><UIForeground>01</UIForeground>雷
<UIForeground>F201F8</UIForeground><UIGlow>F201F9</UIGlow>評級：<UIGlow>01</UIGlow><UIForeground>01</UIForeground>★★★★
","獨眼狂人發射的詭異光線。
原理與詭異視線相似，從以眼球為基礎的魔法陣中放出魔法。不過怒視的集中度更高，可以使敵人如遭雷擊麻痺當場。",4,5,68734,68733,True,False,False,False,True,False,False,False,False,False,False,False
23,35,72223,"<UIForeground>F201F8</UIForeground><UIGlow>F201F9</UIGlow>攻擊類型：<UIGlow>01</UIGlow><UIForeground>01</UIForeground>魔法
<UIForeground>F201F8</UIForeground><UIGlow>F201F9</UIGlow>攻擊屬性：<UIGlow>01</UIGlow><UIForeground>01</UIForeground>無
<UIForeground>F201F8</UIForeground><UIGlow>F201F9</UIGlow>評級：<UIGlow>01</UIGlow><UIForeground>01</UIForeground>★★★★
","模仿導彈的青魔法。
發射乙太構成的虛假導彈。中彈時的衝擊力十分強勁，對於越是頑強的敵人越能造成更多傷害。",4,85,0,0,True,False,False,False,False,False,False,False,False,False,False,True
24,13,72224,"<UIForeground>F201F8</UIForeground><UIGlow>F201F9</UIGlow>攻擊類型：<UIGlow>01</UIGlow><UIForeground>01</UIForeground>魔法
<UIForeground>F201F8</UIForeground><UIGlow>F201F9</UIGlow>攻擊屬性：<UIGlow>01</UIGlow><UIForeground>01</UIForeground>無
<UIForeground>F201F8</UIForeground><UIGlow>F201F9</UIGlow>評級：<UIGlow>01</UIGlow><UIForeground>01</UIForeground>★★★
","原始的治療魔法。
將純淨的乙太用風吹向四周。不僅對自身、對周圍的同伴也有著高效的治療效果，代價是巨額的魔力消耗。",2,0,0,0,False,True,False,False,False,False,False,False,False,False,False,False
25,8,72225,"<UIForeground>F201F8</UIForeground><UIGlow>F201F9</UIGlow>攻擊類型：<UIGlow>01</UIGlow><UIForeground>01</UIForeground>物理突刺
<UIForeground>F201F8</UIForeground><UIGlow>F201F9</UIGlow>攻擊屬性：<UIGlow>01</UIGlow><UIForeground>01</UIForeground>無
<UIForeground>F201F8</UIForeground><UIGlow>F201F9</UIGlow>評級：<UIGlow>01</UIGlow><UIForeground>01</UIForeground>★★
","胡蜂最後的一刺。
將自身的生命力全部轉換成魔力，生成劇毒注入敵人體內。若沒有玉石俱焚的氣魄不建議使用。",1,30,0,0,True,False,False,False,False,False,False,False,False,False,False,False
26,21,72226,"<UIForeground>F201F8</UIForeground><UIGlow>F201F9</UIGlow>攻擊類型：<UIGlow>01</UIGlow><UIForeground>01</UIForeground>魔法
<UIForeground>F201F8</UIForeground><UIGlow>F201F9</UIGlow>攻擊屬性：<UIGlow>01</UIGlow><UIForeground>01</UIForeground>火
<UIForeground>F201F8</UIForeground><UIGlow>F201F9</UIGlow>評級：<UIGlow>01</UIGlow><UIForeground>01</UIForeground>★
","炸彈標誌性代言的青魔法。
將構成生命的乙太全部轉換成火屬性魔力引起大爆炸。在身上沾滿油脂的情況下使用時，能夠令火力更上一層樓。",1,42,0,0,True,False,False,False,False,False,False,False,False,False,False,False
27,22,72227,"<UIForeground>F201F8</UIForeground><UIGlow>F201F9</UIGlow>攻擊類型：<UIGlow>01</UIGlow><UIForeground>01</UIForeground>魔法
<UIForeground>F201F8</UIForeground><UIGlow>F201F9</UIGlow>攻擊屬性：<UIGlow>01</UIGlow><UIForeground>01</UIForeground>無
<UIForeground>F201F8</UIForeground><UIGlow>F201F9</UIGlow>評級：<UIGlow>01</UIGlow><UIForeground>01</UIForeground>★★
","新大陸的死靈使用的青魔法。
將自己的生命力和魔力全部分給他人，獻出生命來讓對方完全恢復。犧牲自己，拯救他人。",2,0,0,0,False,True,False,False,False,False,False,False,False,False,False,False
28,32,72228,"<UIForeground>F201F8</UIForeground><UIGlow>F201F9</UIGlow>攻擊類型：<UIGlow>01</UIGlow><UIForeground>01</UIForeground>魔法
<UIForeground>F201F8</UIForeground><UIGlow>F201F9</UIGlow>攻擊屬性：<UIGlow>01</UIGlow><UIForeground>01</UIForeground>無
<UIForeground>F201F8</UIForeground><UIGlow>F201F9</UIGlow>評級：<UIGlow>01</UIGlow><UIForeground>01</UIForeground>★★★
","巨蛙使用的青魔法。
給自己塗上油脂，得以讓自己變得滑溜溜的，以此迴避敵人的攻擊。使用起來有點噁心，但也有十分狂熱的愛好者。",1,42,0,0,False,True,False,False,False,False,False,False,False,False,False,False
29,20,72229,"<UIForeground>F201F8</UIForeground><UIGlow>F201F9</UIGlow>攻擊類型：<UIGlow>01</UIGlow><UIForeground>01</UIForeground>魔法
<UIForeground>F201F8</UIForeground><UIGlow>F201F9</UIGlow>攻擊屬性：<UIGlow>01</UIGlow><UIForeground>01</UIForeground>無
<UIForeground>F201F8</UIForeground><UIGlow>F201F9</UIGlow>評級：<UIGlow>01</UIGlow><UIForeground>01</UIForeground>★★
","新大陸的巨人種族使用的青魔法。
這是一種原始的詛咒，通過侵蝕敵人的精神來瓦解對方的防禦。當敵人變得毫無防備後，己方攻擊的效果將大幅提升。",2,0,0,0,True,False,False,False,False,False,False,False,False,False,False,False
30,31,72230,"<UIForeground>F201F8</UIForeground><UIGlow>F201F9</UIGlow>攻擊類型：<UIGlow>01</UIGlow><UIForeground>01</UIForeground>物理打擊
<UIForeground>F201F8</UIForeground><UIGlow>F201F9</UIGlow>攻擊屬性：<UIGlow>01</UIGlow><UIForeground>01</UIForeground>無
<UIForeground>F201F8</UIForeground><UIGlow>F201F9</UIGlow>評級：<UIGlow>01</UIGlow><UIForeground>01</UIForeground>★★★★
","巨蛙擅長的青魔法。
本來是伸出黏黏的舌頭捕獲遠處獵物的捕食技能。青魔法則是用魔力製造出無形的舌頭來模仿這一效果。",1,42,0,0,True,False,False,False,False,False,False,True,False,False,False,False
31,40,72231,"<UIForeground>F201F8</UIForeground><UIGlow>F201F9</UIGlow>攻擊類型：<UIGlow>01</UIGlow><UIForeground>01</UIForeground>魔法
<UIForeground>F201F8</UIForeground><UIGlow>F201F9</UIGlow>攻擊屬性：<UIGlow>01</UIGlow><UIForeground>01</UIForeground>無
<UIForeground>F201F8</UIForeground><UIGlow>F201F9</UIGlow>評級：<UIGlow>01</UIGlow><UIForeground>01</UIForeground>★★★★
","棘刺殼蝦使用的青魔法。
將魔力凝聚在尾巴尖上，放出螺旋狀的乙太來侵蝕敵人的生命力。由於需要有高超的乙太操縱技術，很難成功施放。",4,28,0,0,True,False,False,False,False,False,False,False,False,False,False,True
32,14,72232,"<UIForeground>F201F8</UIForeground><UIGlow>F201F9</UIGlow>攻擊類型：<UIGlow>01</UIGlow><UIForeground>01</UIForeground>魔法
<UIForeground>F201F8</UIForeground><UIGlow>F201F9</UIGlow>攻擊屬性：<UIGlow>01</UIGlow><UIForeground>01</UIForeground>無
<UIForeground>F201F8</UIForeground><UIGlow>F201F9</UIGlow>評級：<UIGlow>01</UIGlow><UIForeground>01</UIForeground>★★
","惡精靈等妖異使用的詛咒。
可以找出特定成長階段的對手的心靈破綻，污染對方的精神，以此停止其生命活動。魔法名中的“級”字可能是什麼地方對成長階段的叫法……",4,6,0,0,True,False,False,True,False,False,False,False,False,False,False,False
33,39,72233,"<UIForeground>F201F8</UIForeground><UIGlow>F201F9</UIGlow>攻擊類型：<UIGlow>01</UIGlow><UIForeground>01</UIForeground>魔法
<UIForeground>F201F8</UIForeground><UIGlow>F201F9</UIGlow>攻擊屬性：<UIGlow>01</UIGlow><UIForeground>01</UIForeground>無
<UIForeground>F201F8</UIForeground><UIGlow>F201F9</UIGlow>評級：<UIGlow>01</UIGlow><UIForeground>01</UIForeground>★
","新大陸的妖異使用的青魔法。
作為信仰月亮的少數部族的神而君臨於世的妖異，為了支配信徒所利用的某種可以使精神亢奮的笛聲。",2,0,0,0,False,True,False,False,False,False,False,False,False,False,False,False
34,42,72234,"<UIForeground>F201F8</UIForeground><UIGlow>F201F9</UIGlow>攻擊類型：<UIGlow>01</UIGlow><UIForeground>01</UIForeground>魔法
<UIForeground>F201F8</UIForeground><UIGlow>F201F9</UIGlow>攻擊屬性：<UIGlow>01</UIGlow><UIForeground>01</UIForeground>無
<UIForeground>F201F8</UIForeground><UIGlow>F201F9</UIGlow>評級：<UIGlow>01</UIGlow><UIForeground>01</UIForeground>★★★★
","新大陸的妖異使用的青魔法。
是一種強有力的詛咒，對敵人宣言其生命所剩無幾，通過暗示來實行咒殺。只不過由於可以左右生死的效果過於強力，所以成功率也相應的很低。",2,0,0,0,True,False,False,False,False,False,False,False,False,False,False,True
35,30,72235,"<UIForeground>F201F8</UIForeground><UIGlow>F201F9</UIGlow>攻擊類型：<UIGlow>01</UIGlow><UIForeground>01</UIForeground>魔法
<UIForeground>F201F8</UIForeground><UIGlow>F201F9</UIGlow>攻擊屬性：<UIGlow>01</UIGlow><UIForeground>01</UIForeground>無
<UIForeground>F201F8</UIForeground><UIGlow>F201F9</UIGlow>評級：<UIGlow>01</UIGlow><UIForeground>01</UIForeground>★★★★
","新大陸的海洋生物使用的青魔法。
皮膚很薄的海洋生物為了保護自身而進化出了高超的乙太操縱技術。將用於攻擊的乙太分出一部分加強防禦，創造出可以保護自身的魔法障壁。",2,0,0,0,False,True,False,False,False,False,False,False,False,False,False,False
36,16,72236,"<UIForeground>F201F8</UIForeground><UIGlow>F201F9</UIGlow>攻擊類型：<UIGlow>01</UIGlow><UIForeground>01</UIForeground>魔法
<UIForeground>F201F8</UIForeground><UIGlow>F201F9</UIGlow>攻擊屬性：<UIGlow>01</UIGlow><UIForeground>01</UIForeground>冰
<UIForeground>F201F8</UIForeground><UIGlow>F201F9</UIGlow>評級：<UIGlow>01</UIGlow><UIForeground>01</UIForeground>★
","部分妖異使用的青魔法。
是一種對施術者自身施加的詛咒，會將敵人對自己的敵意轉換為冰屬性乙太，凝成冰柱反射出去。",1,54,0,0,False,True,True,False,False,False,False,False,False,False,False,False
37,33,72237,"<UIForeground>F201F8</UIForeground><UIGlow>F201F9</UIGlow>攻擊類型：<UIGlow>01</UIGlow><UIForeground>01</UIForeground>魔法
<UIForeground>F201F8</UIForeground><UIGlow>F201F9</UIGlow>攻擊屬性：<UIGlow>01</UIGlow><UIForeground>01</UIForeground>冰
<UIForeground>F201F8</UIForeground><UIGlow>F201F9</UIGlow>評級：<UIGlow>01</UIGlow><UIForeground>01</UIForeground>★★
","奇美拉使用的青魔法。
據說是合成時所用的原產自極北之地的山羊為保護自己不受冰雪侵襲而練就了冰屬性乙太操控能力，後來將這種能力發展成了攻擊手段。",4,12,0,0,True,False,False,True,False,False,False,False,False,False,False,False
38,34,72238,"<UIForeground>F201F8</UIForeground><UIGlow>F201F9</UIGlow>攻擊類型：<UIGlow>01</UIGlow><UIForeground>01</UIForeground>魔法
<UIForeground>F201F8</UIForeground><UIGlow>F201F9</UIGlow>攻擊屬性：<UIGlow>01</UIGlow><UIForeground>01</UIForeground>雷
<UIForeground>F201F8</UIForeground><UIGlow>F201F9</UIGlow>評級：<UIGlow>01</UIGlow><UIForeground>01</UIForeground>★★
","奇美拉使用的青魔法。
據說是通過合成擅長操控雷電的龍族而使奇美拉獲得的能力。使用時會在周圍引發激烈的放電現象。",4,12,0,0,True,False,False,False,True,False,False,False,False,False,False,False
39,43,72239,"<UIForeground>F201F8</UIForeground><UIGlow>F201F9</UIGlow>攻擊類型：<UIGlow>01</UIGlow><UIForeground>01</UIForeground>魔法
<UIForeground>F201F8</UIForeground><UIGlow>F201F9</UIGlow>攻擊屬性：<UIGlow>01</UIGlow><UIForeground>01</UIForeground>無
<UIForeground>F201F8</UIForeground><UIGlow>F201F9</UIGlow>評級：<UIGlow>01</UIGlow><UIForeground>01</UIForeground>★★
","火焰蜥蜴擅長的青魔法。
利用放出魔力時的發光現象來暫時奪取敵人的視力。將融入惡意的光線進行漫反射，致使敵人陷入魔力過敏狀態。",1,67,0,0,True,False,False,False,False,False,False,False,False,False,False,False
40,37,72240,"<UIForeground>F201F8</UIForeground><UIGlow>F201F9</UIGlow>攻擊類型：<UIGlow>01</UIGlow><UIForeground>01</UIForeground>魔法
<UIForeground>F201F8</UIForeground><UIGlow>F201F9</UIGlow>攻擊屬性：<UIGlow>01</UIGlow><UIForeground>01</UIForeground>無
<UIForeground>F201F8</UIForeground><UIGlow>F201F9</UIGlow>評級：<UIGlow>01</UIGlow><UIForeground>01</UIForeground>★★★
","克拉肯使用的青魔法。
將青魔法水槍進一步強化，向魔力聚集出的水分中加入不純物質，製造出魔法的墨汁並發射，可以遮蔽敵人的視野。",4,28,0,0,True,False,False,False,False,False,True,False,False,False,False,False
41,24,72241,"<UIForeground>F201F8</UIForeground><UIGlow>F201F9</UIGlow>攻擊類型：<UIGlow>01</UIGlow><UIForeground>01</UIForeground>物理突刺
<UIForeground>F201F8</UIForeground><UIGlow>F201F9</UIGlow>攻擊屬性：<UIGlow>01</UIGlow><UIForeground>01</UIForeground>無
<UIForeground>F201F8</UIForeground><UIGlow>F201F9</UIGlow>評級：<UIGlow>01</UIGlow><UIForeground>01</UIForeground>★
","碧企鵝擅長的青魔法。
把捕食時吞下的魚一口氣噴射出來，以此來驚嚇敵人。用青魔法再現這個過程則是噴射出魔力製造的魚，在施加衝擊的同時來使對方動搖。",1,32,0,0,True,False,False,False,False,True,False,False,False,False,False,False
42,29,72242,"<UIForeground>F201F8</UIForeground><UIGlow>F201F9</UIGlow>攻擊類型：<UIGlow>01</UIGlow><UIForeground>01</UIForeground>魔法
<UIForeground>F201F8</UIForeground><UIGlow>F201F9</UIGlow>攻擊屬性：<UIGlow>01</UIGlow><UIForeground>01</UIForeground>無
<UIForeground>F201F8</UIForeground><UIGlow>F201F9</UIGlow>評級：<UIGlow>01</UIGlow><UIForeground>01</UIForeground>★★★★
","龜甲龍擅長的青魔法。
操縱土屬性乙太來展開含有金屬成分的魔法障壁，以此來強化鎧甲和服裝。不過由於重量增加會導致強化效果中無法移動。",4,25,0,0,False,True,False,False,False,False,False,False,False,False,False,False
43,38,72243,"<UIForeground>F201F8</UIForeground><UIGlow>F201F9</UIGlow>攻擊類型：<UIGlow>01</UIGlow><UIForeground>01</UIForeground>物理突刺
<UIForeground>F201F8</UIForeground><UIGlow>F201F9</UIGlow>攻擊屬性：<UIGlow>01</UIGlow><UIForeground>01</UIForeground>火
<UIForeground>F201F8</UIForeground><UIGlow>F201F9</UIGlow>評級：<UIGlow>01</UIGlow><UIForeground>01</UIForeground>★★★
","從新大陸的輝鱗人身上繼承而來的戰鬥技術。
向投槍裡注入火屬性乙太後進行投擲的技巧。青魔法中則需要用魔力製造出投槍進行再現。",4,30,0,0,True,False,False,False,False,False,False,False,False,False,False,False
44,44,72244,"<UIForeground>F201F8</UIForeground><UIGlow>F201F9</UIGlow>攻擊類型：<UIGlow>01</UIGlow><UIForeground>01</UIForeground>魔法
<UIForeground>F201F8</UIForeground><UIGlow>F201F9</UIGlow>攻擊屬性：<UIGlow>01</UIGlow><UIForeground>01</UIForeground>風
<UIForeground>F201F8</UIForeground><UIGlow>F201F9</UIGlow>評級：<UIGlow>01</UIGlow><UIForeground>01</UIForeground>★★★★★
","迦樓羅的絕招。
散佈魔法羽毛的同時引發暴風來撕裂敵人。通過對敵人造成無數的裂傷來維持強烈的疼痛感，十分冷酷無情。",4,65,0,0,True,False,False,False,False,False,False,False,False,False,False,False
45,45,72245,"<UIForeground>F201F8</UIForeground><UIGlow>F201F9</UIGlow>攻擊類型：<UIGlow>01</UIGlow><UIForeground>01</UIForeground>魔法
<UIForeground>F201F8</UIForeground><UIGlow>F201F9</UIGlow>攻擊屬性：<UIGlow>01</UIGlow><UIForeground>01</UIForeground>火
<UIForeground>F201F8</UIForeground><UIGlow>F201F9</UIGlow>評級：<UIGlow>01</UIGlow><UIForeground>01</UIForeground>★★★★★
","伊弗利特的絕招。
操縱地脈來增強火屬性之力，從而使地面上出現火柱。那副光景彷彿火山噴發。",4,63,0,0,True,False,False,False,False,False,False,False,False,False,False,False
46,46,72246,"<UIForeground>F201F8</UIForeground><UIGlow>F201F9</UIGlow>攻擊類型：<UIGlow>01</UIGlow><UIForeground>01</UIForeground>物理打擊
<UIForeground>F201F8</UIForeground><UIGlow>F201F9</UIGlow>攻擊屬性：<UIGlow>01</UIGlow><UIForeground>01</UIForeground>土
<UIForeground>F201F8</UIForeground><UIGlow>F201F9</UIGlow>評級：<UIGlow>01</UIGlow><UIForeground>01</UIForeground>★★★★★
","泰坦的絕招。
通過放出強力的土屬性乙太來製造出岩石塊，給予敵人劇烈的打擊。如同山崩地裂般的可怕光景導致的衝擊感無法估量。",4,64,0,0,True,False,False,False,False,False,False,False,False,False,False,False
47,47,72247,"<UIForeground>F201F8</UIForeground><UIGlow>F201F9</UIGlow>攻擊類型：<UIGlow>01</UIGlow><UIForeground>01</UIForeground>魔法
<UIForeground>F201F8</UIForeground><UIGlow>F201F9</UIGlow>攻擊屬性：<UIGlow>01</UIGlow><UIForeground>01</UIForeground>雷
<UIForeground>F201F8</UIForeground><UIGlow>F201F9</UIGlow>評級：<UIGlow>01</UIGlow><UIForeground>01</UIForeground>★★★★★
","拉姆的絕招。
從空中放出強有力的落雷。其電壓遠高於自然現象所產生的雷電，其軌跡彷彿是巨大的戰錘落下般貫穿敵人。",4,78,0,0,True,False,False,False,False,False,False,False,False,False,False,False
48,48,72248,"<UIForeground>F201F8</UIForeground><UIGlow>F201F9</UIGlow>攻擊類型：<UIGlow>01</UIGlow><UIForeground>01</UIForeground>魔法
<UIForeground>F201F8</UIForeground><UIGlow>F201F9</UIGlow>攻擊屬性：<UIGlow>01</UIGlow><UIForeground>01</UIForeground>冰
<UIForeground>F201F8</UIForeground><UIGlow>F201F9</UIGlow>評級：<UIGlow>01</UIGlow><UIForeground>01</UIForeground>★★★★★
","濕婆的絕招。
製造出魔法的弓，放出冰柱箭雨。這一技能受到了冰之巫女伊塞勒在尾羽部落見到的獵人箭術的深刻影響。",4,80,0,0,True,False,False,False,False,False,False,False,False,False,False,False
49,49,72249,"<UIForeground>F201F8</UIForeground><UIGlow>F201F9</UIGlow>攻擊類型：<UIGlow>01</UIGlow><UIForeground>01</UIForeground>魔法
<UIForeground>F201F8</UIForeground><UIGlow>F201F9</UIGlow>攻擊屬性：<UIGlow>01</UIGlow><UIForeground>01</UIForeground>水
<UIForeground>F201F8</UIForeground><UIGlow>F201F9</UIGlow>評級：<UIGlow>01</UIGlow><UIForeground>01</UIForeground>★★★★★
","利維坦的絕招。
收集大氣中的水分來製造蘊含魔力的水膜。這層如同面紗般的水膜既是反彈傷害的魔法鏡，也是保護施術者的盾。",4,73,0,0,False,True,False,False,False,False,False,False,False,False,False,False
50,50,72251,"<UIForeground>F201F8</UIForeground><UIGlow>F201F9</UIGlow>攻擊類型：<UIGlow>01</UIGlow><UIForeground>01</UIForeground>魔法
<UIForeground>F201F8</UIForeground><UIGlow>F201F9</UIGlow>攻擊屬性：<UIGlow>01</UIGlow><UIForeground>01</UIForeground>風
<UIForeground>F201F8</UIForeground><UIGlow>F201F9</UIGlow>評級：<UIGlow>01</UIGlow><UIForeground>01</UIForeground>★★
","獅鷲使用的青魔法。
主要是在爭奪地盤抵禦外敵的時候使用的魔法，有如阿巴拉提亞山脈高地的勁風般強烈。",4,36,0,0,True,False,False,False,False,False,False,False,False,False,False,False
51,51,72252,"<UIForeground>F201F8</UIForeground><UIGlow>F201F9</UIGlow>攻擊類型：<UIGlow>01</UIGlow><UIForeground>01</UIForeground>魔法
<UIForeground>F201F8</UIForeground><UIGlow>F201F9</UIGlow>攻擊屬性：<UIGlow>01</UIGlow><UIForeground>01</UIForeground>水
<UIForeground>F201F8</UIForeground><UIGlow>F201F9</UIGlow>評級：<UIGlow>01</UIGlow><UIForeground>01</UIForeground>★★★
","有生命活水的特殊攻擊。
機械裝置“水合核心”通過操控流體創造了激流。如果能用魔法進行再現，就算再巨大的敵人也都可以沖走了。",4,114,0,0,True,False,False,False,False,False,False,False,False,False,False,False
52,52,72253,"<UIForeground>F201F8</UIForeground><UIGlow>F201F9</UIGlow>攻擊類型：<UIGlow>01</UIGlow><UIForeground>01</UIForeground>魔法
<UIForeground>F201F8</UIForeground><UIGlow>F201F9</UIGlow>攻擊屬性：<UIGlow>01</UIGlow><UIForeground>01</UIForeground>冰
<UIForeground>F201F8</UIForeground><UIGlow>F201F9</UIGlow>評級：<UIGlow>01</UIGlow><UIForeground>01</UIForeground>★★★★
","雪人使用的青魔法。
將體內生成的冰冷媒介融入吐息之中，就可以產生有如狂風暴雪般的冷風。如果吹向被水毒侵蝕的敵人，則可以使其從體內開始全身冰凍。",1,2200,69269,69268,True,False,False,True,False,False,False,False,False,False,False,False
53,53,72254,"<UIForeground>F201F8</UIForeground><UIGlow>F201F9</UIGlow>攻擊類型：<UIGlow>01</UIGlow><UIForeground>01</UIForeground>魔法
<UIForeground>F201F8</UIForeground><UIGlow>F201F9</UIGlow>攻擊屬性：<UIGlow>01</UIGlow><UIForeground>01</UIForeground>雷
<UIForeground>F201F8</UIForeground><UIGlow>F201F9</UIGlow>評級：<UIGlow>01</UIGlow><UIForeground>01</UIForeground>★★
","海蟒使用的青魔法。
將累積的雷屬性乙太與吐出的水塊結合，使其成為帶電水塊。它可以使獵物變虛弱從而便於捕獲。",1,2100,0,0,True,False,False,False,False,False,False,False,False,False,False,False
54,54,72255,"<UIForeground>F201F8</UIForeground><UIGlow>F201F9</UIGlow>攻擊類型：<UIGlow>01</UIGlow><UIForeground>01</UIForeground>物理斬擊
<UIForeground>F201F8</UIForeground><UIGlow>F201F9</UIGlow>攻擊屬性：<UIGlow>01</UIGlow><UIForeground>01</UIForeground>無
<UIForeground>F201F8</UIForeground><UIGlow>F201F9</UIGlow>評級：<UIGlow>01</UIGlow><UIForeground>01</UIForeground>★★
","裝甲人偶的特殊攻擊。
如閃光般快速揮動長槍型的武器，從而橫掃前方的敵人。如果要用青魔法再現這種攻擊，需要從生成乙太長槍開始。",4,112,0,0,True,False,False,False,False,False,False,False,False,False,False,False
55,55,72256,"<UIForeground>F201F8</UIForeground><UIGlow>F201F9</UIGlow>攻擊類型：<UIGlow>01</UIGlow><UIForeground>01</UIForeground>物理突刺
<UIForeground>F201F8</UIForeground><UIGlow>F201F9</UIGlow>攻擊屬性：<UIGlow>01</UIGlow><UIForeground>01</UIForeground>無
<UIForeground>F201F8</UIForeground><UIGlow>F201F9</UIGlow>評級：<UIGlow>01</UIGlow><UIForeground>01</UIForeground>★★★★
","上級惡魔的絕招。
通過乙太鍊成無數的劍，從各個方位刺向敵人。這也可以通過刺傷敵人的神經系統，使其產生麻痺。",4,31,0,0,True,False,False,False,True,False,False,False,False,False,False,False
56,56,72257,"<UIForeground>F201F8</UIForeground><UIGlow>F201F9</UIGlow>攻擊類型：<UIGlow>01</UIGlow><UIForeground>01</UIForeground>魔法
<UIForeground>F201F8</UIForeground><UIGlow>F201F9</UIGlow>攻擊屬性：<UIGlow>01</UIGlow><UIForeground>01</UIForeground>無
<UIForeground>F201F8</UIForeground><UIGlow>F201F9</UIGlow>評級：<UIGlow>01</UIGlow><UIForeground>01</UIForeground>★
","猴面雀使用的青魔法。
聽到這奇妙的叫聲後會有一種領悟了宇宙神秘的感覺。因為宇宙的情報量過多大腦處理不過來，所以會陷入深沉的睡眠。",1,2100,0,0,True,False,False,False,False,False,False,False,True,False,False,False
57,57,72258,"<UIForeground>F201F8</UIForeground><UIGlow>F201F9</UIGlow>攻擊類型：<UIGlow>01</UIGlow><UIForeground>01</UIForeground>魔法
<UIForeground>F201F8</UIForeground><UIGlow>F201F9</UIGlow>攻擊屬性：<UIGlow>01</UIGlow><UIForeground>01</UIForeground>無
<UIForeground>F201F8</UIForeground><UIGlow>F201F9</UIGlow>評級：<UIGlow>01</UIGlow><UIForeground>01</UIForeground>★★
","疫蟲等魔物使用的青魔法。
通過震動身體的一部分，發出令人不適的音波。據說該震動發出的音波能打消一部分乙太波長，從而解除部分強化魔法。",1,2101,0,0,True,False,False,False,False,False,False,False,False,False,False,False
58,58,72259,"<UIForeground>F201F8</UIForeground><UIGlow>F201F9</UIGlow>攻擊類型：<UIGlow>01</UIGlow><UIForeground>01</UIForeground>魔法
<UIForeground>F201F8</UIForeground><UIGlow>F201F9</UIGlow>攻擊屬性：<UIGlow>01</UIGlow><UIForeground>01</UIForeground>無
<UIForeground>F201F8</UIForeground><UIGlow>F201F9</UIGlow>評級：<UIGlow>01</UIGlow><UIForeground>01</UIForeground>★★★
","部分莫古利使用的治療魔法。
原理和幻術的療傷沒有區別，不過理論卻很隨便。大概就是用頭上的絨球聚集魔力，然後隨便一抖就可以治療他人了。",4,66,0,0,False,True,False,False,False,False,False,False,False,False,False,False
59,59,72260,"<UIForeground>F201F8</UIForeground><UIGlow>F201F9</UIGlow>攻擊類型：<UIGlow>01</UIGlow><UIForeground>01</UIForeground>魔法
<UIForeground>F201F8</UIForeground><UIGlow>F201F9</UIGlow>攻擊屬性：<UIGlow>01</UIGlow><UIForeground>01</UIForeground>無
<UIForeground>F201F8</UIForeground><UIGlow>F201F9</UIGlow>評級：<UIGlow>01</UIGlow><UIForeground>01</UIForeground>★★★★
","部分哥布林使用的青魔法。
科學家集團青藍之手在用科學原理研究分析魔法的過程中創造出的新魔法，通過在身體表面展開如皮膚般輕薄的魔法障壁，可以吸收外界帶來的衝擊。",1,2001,0,0,False,True,False,False,False,False,False,False,False,False,False,False
60,60,72261,"<UIForeground>F201F8</UIForeground><UIGlow>F201F9</UIGlow>攻擊類型：<UIGlow>01</UIGlow><UIForeground>01</UIForeground>魔法
<UIForeground>F201F8</UIForeground><UIGlow>F201F9</UIGlow>攻擊屬性：<UIGlow>01</UIGlow><UIForeground>01</UIForeground>無
<UIForeground>F201F8</UIForeground><UIGlow>F201F9</UIGlow>評級：<UIGlow>01</UIGlow><UIForeground>01</UIForeground>★★
","比布羅斯等魔物使用的青魔法。
用物理或魔法的錘子敲打敵人頭部，使其變得虛脫，從而強制放出體內的魔力，是非常可怕的招式。",4,196,0,0,True,True,False,False,False,False,False,False,False,False,False,False
61,61,72262,"<UIForeground>F201F8</UIForeground><UIGlow>F201F9</UIGlow>攻擊類型：<UIGlow>01</UIGlow><UIForeground>01</UIForeground>魔法
<UIForeground>F201F8</UIForeground><UIGlow>F201F9</UIGlow>攻擊屬性：<UIGlow>01</UIGlow><UIForeground>01</UIForeground>無
<UIForeground>F201F8</UIForeground><UIGlow>F201F9</UIGlow>評級：<UIGlow>01</UIGlow><UIForeground>01</UIForeground>★
","鷹蜂女王使用的青魔法。
通過釋放特殊的荷爾蒙，可以命令蜂群守護自己。學會此青魔法後，經常會把隊友看成肉盾。",4,41,0,0,False,True,False,False,False,False,False,False,False,False,False,False
62,62,72263,"<UIForeground>F201F8</UIForeground><UIGlow>F201F9</UIGlow>攻擊類型：<UIGlow>01</UIGlow><UIForeground>01</UIForeground>魔法
<UIForeground>F201F8</UIForeground><UIGlow>F201F9</UIGlow>攻擊屬性：<UIGlow>01</UIGlow><UIForeground>01</UIForeground>無
<UIForeground>F201F8</UIForeground><UIGlow>F201F9</UIGlow>評級：<UIGlow>01</UIGlow><UIForeground>01</UIForeground>★
","智蛙使用的青魔法。
這魔法之歌可以將周圍敵人的仇恨瞬間聚集到自己身上。假扮成普通的青蛙，以傻傻的音調放聲歌唱即可。",1,2001,69272,69271,True,False,False,False,False,False,False,False,False,False,False,False
63,63,72264,"<UIForeground>F201F8</UIForeground><UIGlow>F201F9</UIGlow>攻擊類型：<UIGlow>01</UIGlow><UIForeground>01</UIForeground>魔法
<UIForeground>F201F8</UIForeground><UIGlow>F201F9</UIGlow>攻擊屬性：<UIGlow>01</UIGlow><UIForeground>01</UIForeground>風
<UIForeground>F201F8</UIForeground><UIGlow>F201F9</UIGlow>評級：<UIGlow>01</UIGlow><UIForeground>01</UIForeground>★★★★
","祖鳥使用的青魔法。
揮動巨大翅膀產生的衝擊波，在風屬性乙太的操控下壓縮成了風刃飛向敵人。其威力有如名刀一擊。",4,17,0,0,True,False,False,False,False,False,False,False,False,False,False,False
64,64,72265,"<UIForeground>F201F8</UIForeground><UIGlow>F201F9</UIGlow>攻擊類型：<UIGlow>01</UIGlow><UIForeground>01</UIForeground>魔法
<UIForeground>F201F8</UIForeground><UIGlow>F201F9</UIGlow>攻擊屬性：<UIGlow>01</UIGlow><UIForeground>01</UIForeground>無
<UIForeground>F201F8</UIForeground><UIGlow>F201F9</UIGlow>評級：<UIGlow>01</UIGlow><UIForeground>01</UIForeground>★★★
","長頸駝使用的青魔法。
通過自我暗示提升力量，是一種強化魔法。繁殖期的長頸駝會一邊發出口笛的聲音，一邊用該魔法強化自己，以向異性展示自己。",1,2100,69270,69269,False,True,False,False,False,False,False,False,False,False,False,False
65,65,72266,"<UIForeground>F201F8</UIForeground><UIGlow>F201F9</UIGlow>攻擊類型：<UIGlow>01</UIGlow><UIForeground>01</UIForeground>魔法
<UIForeground>F201F8</UIForeground><UIGlow>F201F9</UIGlow>攻擊屬性：<UIGlow>01</UIGlow><UIForeground>01</UIForeground>無
<UIForeground>F201F8</UIForeground><UIGlow>F201F9</UIGlow>評級：<UIGlow>01</UIGlow><UIForeground>01</UIForeground>★★
","捕獲異端者用人偶騎士的特殊攻擊。
通過照射特定波長的乙太，可以侵蝕對方的肉體，使其動作變得遲緩。如果對方精神也被侵蝕，那麼威力會更加強大。",4,34,0,0,True,False,True,False,False,False,False,False,False,False,False,False
66,66,72267,"<UIForeground>F201F8</UIForeground><UIGlow>F201F9</UIGlow>攻擊類型：<UIGlow>01</UIGlow><UIForeground>01</UIForeground>魔法
<UIForeground>F201F8</UIForeground><UIGlow>F201F9</UIGlow>攻擊屬性：<UIGlow>01</UIGlow><UIForeground>01</UIForeground>無
<UIForeground>F201F8</UIForeground><UIGlow>F201F9</UIGlow>評級：<UIGlow>01</UIGlow><UIForeground>01</UIForeground>★★
","拷問異端者用人偶騎士的特殊攻擊。
通過照射特定波長的乙太，可以侵蝕對方的精神，從而奪取對方行動的自由。如果對方肉體也被侵蝕，那麼威力會更加強大。",4,34,0,0,True,False,False,False,False,False,False,False,False,True,False,False
67,67,72268,"<UIForeground>F201F8</UIForeground><UIGlow>F201F9</UIGlow>攻擊類型：<UIGlow>01</UIGlow><UIForeground>01</UIForeground>魔法
<UIForeground>F201F8</UIForeground><UIGlow>F201F9</UIGlow>攻擊屬性：<UIGlow>01</UIGlow><UIForeground>01</UIForeground>無
<UIForeground>F201F8</UIForeground><UIGlow>F201F9</UIGlow>評級：<UIGlow>01</UIGlow><UIForeground>01</UIForeground>★★★★
","部分妖異使用的青魔法。
侵蝕成長到特定階段的對象，對他們的心靈與精神進行污染，強制停止肉體的自淨作用，奪取他們的性命。宛如死神般的招式。",4,31,0,0,True,False,False,False,False,False,False,False,False,False,False,True
68,68,72269,"<UIForeground>F201F8</UIForeground><UIGlow>F201F9</UIGlow>攻擊類型：<UIGlow>01</UIGlow><UIForeground>01</UIForeground>魔法
<UIForeground>F201F8</UIForeground><UIGlow>F201F9</UIGlow>攻擊屬性：<UIGlow>01</UIGlow><UIForeground>01</UIForeground>無
<UIForeground>F201F8</UIForeground><UIGlow>F201F9</UIGlow>評級：<UIGlow>01</UIGlow><UIForeground>01</UIForeground>★★
","模仿魔導兵器攻擊方式的青魔法。
發射用魔力創造出的幻影導彈，讓敵人產生錯覺以為自己被攻擊了。錯覺越是強烈，實際受到的傷害就越大。",4,219,0,0,True,False,False,False,False,False,False,False,False,False,False,True
69,69,72270,"<UIForeground>F201F8</UIForeground><UIGlow>F201F9</UIGlow>攻擊類型：<UIGlow>01</UIGlow><UIForeground>01</UIForeground>魔法
<UIForeground>F201F8</UIForeground><UIGlow>F201F9</UIGlow>攻擊屬性：<UIGlow>01</UIGlow><UIForeground>01</UIForeground>無
<UIForeground>F201F8</UIForeground><UIGlow>F201F9</UIGlow>評級：<UIGlow>01</UIGlow><UIForeground>01</UIForeground>★★★★
","模仿蠻神兵器使用的破壞光線的青魔法。
用極細的熱光線將目標的神經系統與動力傳達系統燒毀，從而奪取對方行動的自由。重要的是，只要能夠攻擊到對方，無論多少次都能奪取對方行動的自由。",4,115,0,0,True,False,False,False,False,False,False,True,False,False,False,False
70,70,72271,"<UIForeground>F201F8</UIForeground><UIGlow>F201F9</UIGlow>攻擊類型：<UIGlow>01</UIGlow><UIForeground>01</UIForeground>魔法
<UIForeground>F201F8</UIForeground><UIGlow>F201F9</UIGlow>攻擊屬性：<UIGlow>01</UIGlow><UIForeground>01</UIForeground>無
<UIForeground>F201F8</UIForeground><UIGlow>F201F9</UIGlow>評級：<UIGlow>01</UIGlow><UIForeground>01</UIForeground>★
","某種仙人掌使用的青魔法。
偶爾會有仙人掌將自己的魔力獻給擁有更多種子的仙人掌。這是它們在嚴酷的荒野中為了讓種族延續而獲得的某種本能。",4,26,0,0,False,True,False,False,False,False,False,False,False,False,False,False
71,71,72272,"<UIForeground>F201F8</UIForeground><UIGlow>F201F9</UIGlow>攻擊類型：<UIGlow>01</UIGlow><UIForeground>01</UIForeground>物理打擊
<UIForeground>F201F8</UIForeground><UIGlow>F201F9</UIGlow>攻擊屬性：<UIGlow>01</UIGlow><UIForeground>01</UIForeground>無
<UIForeground>F201F8</UIForeground><UIGlow>F201F9</UIGlow>評級：<UIGlow>01</UIGlow><UIForeground>01</UIForeground>★★
","瓦拉其族代代相傳的攻擊魔法。
瀕死狀態下才能發揮該魔法的真正威力，主要是利用了攻擊者瀕死時心理產生的負荷，從而大幅提升攻擊威力。該青魔法源自哪種生物則是族裡的秘密。",2,0,0,0,True,False,False,False,False,False,False,False,False,False,False,False
72,72,72273,"<UIForeground>F201F8</UIForeground><UIGlow>F201F9</UIGlow>攻擊類型：<UIGlow>01</UIGlow><UIForeground>01</UIForeground>魔法
<UIForeground>F201F8</UIForeground><UIGlow>F201F9</UIGlow>攻擊屬性：<UIGlow>01</UIGlow><UIForeground>01</UIForeground>無
<UIForeground>F201F8</UIForeground><UIGlow>F201F9</UIGlow>評級：<UIGlow>01</UIGlow><UIForeground>01</UIForeground>★★★★
","瓦拉其族代代相傳的復活魔法。
將像天使一樣的使魔作為媒介把魔力注入物件，可以使其復活。不過，瓦拉其族的宗教信仰中沒有天使，有關天使的起源仍是謎團。",2,0,0,0,False,True,False,False,False,False,False,False,False,False,False,False
73,73,72274,"<UIForeground>F201F8</UIForeground><UIGlow>F201F9</UIGlow>攻擊類型：<UIGlow>01</UIGlow><UIForeground>01</UIForeground>魔法
<UIForeground>F201F8</UIForeground><UIGlow>F201F9</UIGlow>攻擊屬性：<UIGlow>01</UIGlow><UIForeground>01</UIForeground>無
<UIForeground>F201F8</UIForeground><UIGlow>F201F9</UIGlow>評級：<UIGlow>01</UIGlow><UIForeground>01</UIForeground>★★
","瓦魔蛾使用的青魔法。
通過活化自身的治癒能力，可以排除體內的代謝物和毒素。使用此魔法後，會有一種類似蛻皮的感覺。",1,2100,69271,69270,False,True,False,False,False,False,False,False,False,False,False,False
74,74,72275,"<UIForeground>F201F8</UIForeground><UIGlow>F201F9</UIGlow>攻擊類型：<UIGlow>01</UIGlow><UIForeground>01</UIForeground>魔法
<UIForeground>F201F8</UIForeground><UIGlow>F201F9</UIGlow>攻擊屬性：<UIGlow>01</UIGlow><UIForeground>01</UIForeground>雷
<UIForeground>F201F8</UIForeground><UIGlow>F201F9</UIGlow>評級：<UIGlow>01</UIGlow><UIForeground>01</UIForeground>★★★
","古老雙足飛龍使用的青魔法。
將雲中飛行時累積的雷電逆流放出。被擊中的人會一時間有如重物壓身般，無法正常行動。",4,39,0,0,True,False,False,False,False,False,False,False,False,False,True,False
75,75,72276,"<UIForeground>F201F8</UIForeground><UIGlow>F201F9</UIGlow>攻擊類型：<UIGlow>01</UIGlow><UIForeground>01</UIForeground>魔法
<UIForeground>F201F8</UIForeground><UIGlow>F201F9</UIGlow>攻擊屬性：<UIGlow>01</UIGlow><UIForeground>01</UIForeground>無
<UIForeground>F201F8</UIForeground><UIGlow>F201F9</UIGlow>評級：<UIGlow>01</UIGlow><UIForeground>01</UIForeground>★
","野生生物的捕食行動。
不過運用到青魔法時不是直接吸取對方的血肉，而是奪取對方的乙太。可以恢復自身的體力以及暫時提高自己的最大體力。",4,93,0,0,True,True,False,False,False,False,False,False,False,False,False,False
76,76,72277,"<UIForeground>F201F8</UIForeground><UIGlow>F201F9</UIGlow>攻擊類型：<UIGlow>01</UIGlow><UIForeground>01</UIForeground>魔法
<UIForeground>F201F8</UIForeground><UIGlow>F201F9</UIGlow>攻擊屬性：<UIGlow>01</UIGlow><UIForeground>01</UIForeground>無
<UIForeground>F201F8</UIForeground><UIGlow>F201F9</UIGlow>評級：<UIGlow>01</UIGlow><UIForeground>01</UIForeground>★★★
","自走人偶抄寫員使用的特殊魔法。
調查對方的弱點，暫時擴大弱點範圍。某人偶師傅為了調查物件是否有外遇而製作的自走人偶，調查弱點的功能純屬偶然。",4,196,0,0,True,False,False,False,False,False,False,False,False,False,False,False
77,77,72278,"<UIForeground>F201F8</UIForeground><UIGlow>F201F9</UIGlow>攻擊類型：<UIGlow>01</UIGlow><UIForeground>01</UIForeground>魔法
<UIForeground>F201F8</UIForeground><UIGlow>F201F9</UIGlow>攻擊屬性：<UIGlow>01</UIGlow><UIForeground>01</UIForeground>無
<UIForeground>F201F8</UIForeground><UIGlow>F201F9</UIGlow>評級：<UIGlow>01</UIGlow><UIForeground>01</UIForeground>★★★★
","晶片使用的青魔法。
分析對方乙太的同時，將自身的乙太波長與其靠攏。從而可以暫時獲得對方乙太的所帶來的優勢。",4,40,0,0,False,True,False,False,False,False,False,False,False,False,False,False
78,78,72279,"<UIForeground>F201F8</UIForeground><UIGlow>F201F9</UIGlow>攻擊類型：<UIGlow>01</UIGlow><UIForeground>01</UIForeground>魔法
<UIForeground>F201F8</UIForeground><UIGlow>F201F9</UIGlow>攻擊屬性：<UIGlow>01</UIGlow><UIForeground>01</UIForeground>土
<UIForeground>F201F8</UIForeground><UIGlow>F201F9</UIGlow>評級：<UIGlow>01</UIGlow><UIForeground>01</UIForeground>★★★★★
","羅波那的絕招。
操縱土屬性乙太，從周圍的礦物中吸取所需物質，生成無數的金屬顆粒。釋放該金屬顆粒，可以將前方的敵人一網打盡。",4,86,0,0,True,False,False,False,False,False,False,False,False,False,False,False
79,79,72280,"<UIForeground>F201F8</UIForeground><UIGlow>F201F9</UIGlow>攻擊類型：<UIGlow>01</UIGlow><UIForeground>01</UIForeground>魔法
<UIForeground>F201F8</UIForeground><UIGlow>F201F9</UIGlow>攻擊屬性：<UIGlow>01</UIGlow><UIForeground>01</UIForeground>無
<UIForeground>F201F8</UIForeground><UIGlow>F201F9</UIGlow>評級：<UIGlow>01</UIGlow><UIForeground>01</UIForeground>★★★★★
","索菲亞的絕招。
重視“調和”的女神索菲亞會對破壞“均衡”的人們落下神罰的流星。那象徵著毀滅命運的流星，宛如凶星一般。",4,183,0,0,True,False,False,False,False,False,False,False,False,False,False,False
80,80,72281,"<UIForeground>F201F8</UIForeground><UIGlow>F201F9</UIGlow>攻擊類型：<UIGlow>01</UIGlow><UIForeground>01</UIForeground>物理打擊
<UIForeground>F201F8</UIForeground><UIGlow>F201F9</UIGlow>攻擊屬性：<UIGlow>01</UIGlow><UIForeground>01</UIForeground>無
<UIForeground>F201F8</UIForeground><UIGlow>F201F9</UIGlow>評級：<UIGlow>01</UIGlow><UIForeground>01</UIForeground>★★★★★
","殘暴正義號的必殺技。
飛翔吧，正義號，穿越天空！我們的夢想、希望、友情與愛和勇氣合體，懲戒作惡的壞人！接招吧，正義飛踢！！",4,139,0,0,True,False,False,False,False,False,False,False,False,False,False,False
81,81,72282,"<UIForeground>F201F8</UIForeground><UIGlow>F201F9</UIGlow>攻擊類型：<UIGlow>01</UIGlow><UIForeground>01</UIForeground>物理突刺
<UIForeground>F201F8</UIForeground><UIGlow>F201F9</UIGlow>攻擊屬性：<UIGlow>01</UIGlow><UIForeground>01</UIForeground>無
<UIForeground>F201F8</UIForeground><UIGlow>F201F9</UIGlow>評級：<UIGlow>01</UIGlow><UIForeground>01</UIForeground>★
","鯰魚精族擅長的傳統捕魚技。
用捕魚的尖槍刺出三連擊。本來是捕魚用的技巧，後來發展成了防身術。",1,2410,0,0,True,False,False,False,False,False,False,False,False,False,False,False
82,82,72283,"<UIForeground>F201F8</UIForeground><UIGlow>F201F9</UIGlow>攻擊類型：<UIGlow>01</UIGlow><UIForeground>01</UIForeground>魔法
<UIForeground>F201F8</UIForeground><UIGlow>F201F9</UIGlow>攻擊屬性：<UIGlow>01</UIGlow><UIForeground>01</UIForeground>雷
<UIForeground>F201F8</UIForeground><UIGlow>F201F9</UIGlow>評級：<UIGlow>01</UIGlow><UIForeground>01</UIForeground>★★
","鯰魚精族釋放的雷擊。
懶惰的鯰魚精為了輕鬆捕魚，會使用這種雷擊魔法將魚兒電翻。此外，釋放的雷擊還會促進血液循環，增強自身力量。",1,2410,69527,69526,True,True,False,False,False,False,False,False,False,False,False,False
83,83,72284,"<UIForeground>F201F8</UIForeground><UIGlow>F201F9</UIGlow>攻擊類型：<UIGlow>01</UIGlow><UIForeground>01</UIForeground>魔法
<UIForeground>F201F8</UIForeground><UIGlow>F201F9</UIGlow>攻擊屬性：<UIGlow>01</UIGlow><UIForeground>01</UIForeground>無
<UIForeground>F201F8</UIForeground><UIGlow>F201F9</UIGlow>評級：<UIGlow>01</UIGlow><UIForeground>01</UIForeground>★★★
","模仿道順丸忍眾妨礙技的青魔法。
用魔力製造出幻影的草席，然後再將其翻轉過來，從而使敵人失去平衡。如果使用熟練的話，就連草席的香氣都能再現出來。",4,262,0,0,True,False,False,False,False,False,False,True,False,False,False,False
84,84,72285,"<UIForeground>F201F8</UIForeground><UIGlow>F201F9</UIGlow>攻擊類型：<UIGlow>01</UIGlow><UIForeground>01</UIForeground>魔法
<UIForeground>F201F8</UIForeground><UIGlow>F201F9</UIGlow>攻擊屬性：<UIGlow>01</UIGlow><UIForeground>01</UIForeground>冰
<UIForeground>F201F8</UIForeground><UIGlow>F201F9</UIGlow>評級：<UIGlow>01</UIGlow><UIForeground>01</UIForeground>★★★★
","霧龍在自我保護時使用的技能。
使自身周圍環繞冷氣，讓攻擊自己的敵人凍冰。此時還需要製作一張空氣膜保護自己，這樣就不會波及到自身了。",4,585,0,0,True,True,False,True,False,False,False,False,False,False,False,False
85,85,72286,"<UIForeground>F201F8</UIForeground><UIGlow>F201F9</UIGlow>攻擊類型：<UIGlow>01</UIGlow><UIForeground>01</UIForeground>魔法
<UIForeground>F201F8</UIForeground><UIGlow>F201F9</UIGlow>攻擊屬性：<UIGlow>01</UIGlow><UIForeground>01</UIForeground>無
<UIForeground>F201F8</UIForeground><UIGlow>F201F9</UIGlow>評級：<UIGlow>01</UIGlow><UIForeground>01</UIForeground>★★
","吉祥天女的絕招。
這是愛的讚歌。不知愛為何物之人唱出此歌，會將周圍燃燒殆盡。心懷慈愛之人唱出此歌，會綻放治癒之光。此曲完美展現了愛為何物。",4,263,0,0,True,True,False,False,False,False,False,False,False,False,False,False
86,86,72287,"<UIForeground>F201F8</UIForeground><UIGlow>F201F9</UIGlow>攻擊類型：<UIGlow>01</UIGlow><UIForeground>01</UIForeground>魔法
<UIForeground>F201F8</UIForeground><UIGlow>F201F9</UIGlow>攻擊屬性：<UIGlow>01</UIGlow><UIForeground>01</UIForeground>無
<UIForeground>F201F8</UIForeground><UIGlow>F201F9</UIGlow>評級：<UIGlow>01</UIGlow><UIForeground>01</UIForeground>★★
","魔列車釋放的淨化之光。
會將亡靈和不淨之物的靈魂淨化。發明了魔導列車的加雷馬帝國有著一個奇怪的傳說，那就是有種專門承載死者的列車……這究竟是？",4,286,0,0,True,False,False,False,False,False,False,False,False,False,False,False
87,87,72288,"<UIForeground>F201F8</UIForeground><UIGlow>F201F9</UIGlow>攻擊類型：<UIGlow>01</UIGlow><UIForeground>01</UIForeground>魔法
<UIForeground>F201F8</UIForeground><UIGlow>F201F9</UIGlow>攻擊屬性：<UIGlow>01</UIGlow><UIForeground>01</UIForeground>土
<UIForeground>F201F8</UIForeground><UIGlow>F201F9</UIGlow>評級：<UIGlow>01</UIGlow><UIForeground>01</UIForeground>★
","枯腐泥妖擅長的絕技。
操控土屬性乙太製作出泥土，再將泥土投向敵人。會對身穿白色衣物的敵人帶來極大的精神創傷。",4,584,0,0,True,False,False,False,False,False,False,False,False,False,False,False
88,88,72289,"<UIForeground>F201F8</UIForeground><UIGlow>F201F9</UIGlow>攻擊類型：<UIGlow>01</UIGlow><UIForeground>01</UIForeground>魔法
<UIForeground>F201F8</UIForeground><UIGlow>F201F9</UIGlow>攻擊屬性：<UIGlow>01</UIGlow><UIForeground>01</UIForeground>無
<UIForeground>F201F8</UIForeground><UIGlow>F201F9</UIGlow>評級：<UIGlow>01</UIGlow><UIForeground>01</UIForeground>★★★
","新大陸的守護像使用的青魔法。
用魔法生成類似萬能藥的物質，可以活化自身治癒能力。如果擁有治癒知識之人使用此魔法，會帶來更強大的效果。",2,0,0,0,False,True,False,False,False,False,False,False,False,False,False,False
89,89,72290,"<UIForeground>F201F8</UIForeground><UIGlow>F201F9</UIGlow>攻擊類型：<UIGlow>01</UIGlow><UIForeground>01</UIForeground>魔法
<UIForeground>F201F8</UIForeground><UIGlow>F201F9</UIGlow>攻擊屬性：<UIGlow>01</UIGlow><UIForeground>01</UIForeground>水
<UIForeground>F201F8</UIForeground><UIGlow>F201F9</UIGlow>評級：<UIGlow>01</UIGlow><UIForeground>01</UIForeground>★★★★
","玄武的絕招。
展開水屬性乙太製作的魔法屏障。可以吸收並累積受到的衝擊，再將其全部釋放，是一個攻防兼備的魔法。",4,284,0,0,True,True,False,False,False,False,False,False,False,False,False,False
90,90,72291,"<UIForeground>F201F8</UIForeground><UIGlow>F201F9</UIGlow>攻擊類型：<UIGlow>01</UIGlow><UIForeground>01</UIForeground>魔法
<UIForeground>F201F8</UIForeground><UIGlow>F201F9</UIGlow>攻擊屬性：<UIGlow>01</UIGlow><UIForeground>01</UIForeground>無
<UIForeground>F201F8</UIForeground><UIGlow>F201F9</UIGlow>評級：<UIGlow>01</UIGlow><UIForeground>01</UIForeground>★★
","模仿雙豹伊沃恩武技的青魔法。
用雙拳擊出聚集的乙太。於山中修行的伊沃恩，在模仿夸爾釋放的衝擊波時創造出的技能。",4,236,0,0,True,False,False,False,False,False,False,False,False,False,False,False
91,91,72292,"<UIForeground>F201F8</UIForeground><UIGlow>F201F9</UIGlow>攻擊類型：<UIGlow>01</UIGlow><UIForeground>01</UIForeground>魔法
<UIForeground>F201F8</UIForeground><UIGlow>F201F9</UIGlow>攻擊屬性：<UIGlow>01</UIGlow><UIForeground>01</UIForeground>無
<UIForeground>F201F8</UIForeground><UIGlow>F201F9</UIGlow>評級：<UIGlow>01</UIGlow><UIForeground>01</UIForeground>★★
","部分夸爾使用的青魔法。
在同伴紛紛倒下的時候，喚醒鬥爭的本能提高自身能力的技巧。隻身前往需要多人才能挑戰的戰鬥時，也會產生同樣的效果。",1,34,69526,69525,False,True,False,False,False,False,False,False,False,False,False,False
92,92,72293,"<UIForeground>F201F8</UIForeground><UIGlow>F201F9</UIGlow>攻擊類型：<UIGlow>01</UIGlow><UIForeground>01</UIForeground>魔法
<UIForeground>F201F8</UIForeground><UIGlow>F201F9</UIGlow>攻擊屬性：<UIGlow>01</UIGlow><UIForeground>01</UIForeground>無
<UIForeground>F201F8</UIForeground><UIGlow>F201F9</UIGlow>評級：<UIGlow>01</UIGlow><UIForeground>01</UIForeground>★
","模仿恐甲螞蜓特技的青魔法。
將身體的一部分視為翅膀，通過細微的震動產生超音波。如果震動傳到了被凍結或被石化的敵人那裡，則會將敵人震成細小的碎片。",1,2407,69528,69527,True,False,False,False,False,False,False,False,False,False,False,True
93,93,72294,"<UIForeground>F201F8</UIForeground><UIGlow>F201F9</UIGlow>攻擊類型：<UIGlow>01</UIGlow><UIForeground>01</UIForeground>魔法
<UIForeground>F201F8</UIForeground><UIGlow>F201F9</UIGlow>攻擊屬性：<UIGlow>01</UIGlow><UIForeground>01</UIForeground>冰
<UIForeground>F201F8</UIForeground><UIGlow>F201F9</UIGlow>評級：<UIGlow>01</UIGlow><UIForeground>01</UIForeground>★★
","老者使用的魔法。
明明是冰屬性魔法，名字中卻帶著焰字。該魔法和老者的原型都出自一本古典小說。不知道“冰焰”是得名於作者的玩笑，還是它造成如同燒傷般的重度凍傷。",4,252,0,0,True,False,False,False,False,False,False,False,False,False,False,False
94,94,72295,"<UIForeground>F201F8</UIForeground><UIGlow>F201F9</UIGlow>攻擊類型：<UIGlow>01</UIGlow><UIForeground>01</UIForeground>魔法
<UIForeground>F201F8</UIForeground><UIGlow>F201F9</UIGlow>攻擊屬性：<UIGlow>01</UIGlow><UIForeground>01</UIForeground>火
<UIForeground>F201F8</UIForeground><UIGlow>F201F9</UIGlow>評級：<UIGlow>01</UIGlow><UIForeground>01</UIForeground>★★★★
","模仿歐米茄使用的化學兵器的青魔法。
用魔法合成有害成分，再通過爆炸將其散播出去。本來是無味的毒素，但因混入了不純物，有了類似芥末的味道，從而得名。",4,589,0,0,True,False,False,False,False,False,False,False,False,False,False,False
95,95,72296,"<UIForeground>F201F8</UIForeground><UIGlow>F201F9</UIGlow>攻擊類型：<UIGlow>01</UIGlow><UIForeground>01</UIForeground>魔法
<UIForeground>F201F8</UIForeground><UIGlow>F201F9</UIGlow>攻擊屬性：<UIGlow>01</UIGlow><UIForeground>01</UIForeground>無
<UIForeground>F201F8</UIForeground><UIGlow>F201F9</UIGlow>評級：<UIGlow>01</UIGlow><UIForeground>01</UIForeground>★★★
","新大陸的龍族使用的青魔法。
將乙太膜覆蓋全身，從而降低外部來的刺激，使防禦力提高。目前還不能確定是否真的有使用此技能的龍族，也或許是與龍族長得很像的甲鱗綱魔物在使用。",2,0,0,0,False,True,False,False,False,False,False,False,False,False,False,False
96,96,72297,"<UIForeground>F201F8</UIForeground><UIGlow>F201F9</UIGlow>攻擊類型：<UIGlow>01</UIGlow><UIForeground>01</UIForeground>魔法
<UIForeground>F201F8</UIForeground><UIGlow>F201F9</UIGlow>攻擊屬性：<UIGlow>01</UIGlow><UIForeground>01</UIForeground>無
<UIForeground>F201F8</UIForeground><UIGlow>F201F9</UIGlow>評級：<UIGlow>01</UIGlow><UIForeground>01</UIForeground>★
","陀魯婆使用的青魔法。
射出環境乙太，給敵人體表造成無數細小的傷痕。這些錯綜複雜的傷痕，會慢慢折磨敵人，使其血流不止。",1,2408,69529,69528,True,False,False,False,False,False,False,False,False,False,False,False
97,97,72298,"<UIForeground>F201F8</UIForeground><UIGlow>F201F9</UIGlow>攻擊類型：<UIGlow>01</UIGlow><UIForeground>01</UIForeground>魔法
<UIForeground>F201F8</UIForeground><UIGlow>F201F9</UIGlow>攻擊屬性：<UIGlow>01</UIGlow><UIForeground>01</UIForeground>水
<UIForeground>F201F8</UIForeground><UIGlow>F201F9</UIGlow>評級：<UIGlow>01</UIGlow><UIForeground>01</UIForeground>★★★★
","水鬼擅長的青魔法。
用魔法的水流吸引周圍的敵人。至於為什麼連飛在空中的鳥都能吸引過來……這或許就是魔法被稱為魔法的原因吧。",4,279,0,0,True,False,False,False,False,False,False,False,False,False,False,False
98,98,72299,"<UIForeground>F201F8</UIForeground><UIGlow>F201F9</UIGlow>攻擊類型：<UIGlow>01</UIGlow><UIForeground>01</UIForeground>魔法
<UIForeground>F201F8</UIForeground><UIGlow>F201F9</UIGlow>攻擊屬性：<UIGlow>01</UIGlow><UIForeground>01</UIForeground>水
<UIForeground>F201F8</UIForeground><UIGlow>F201F9</UIGlow>評級：<UIGlow>01</UIGlow><UIForeground>01</UIForeground>★★
","賽太歲使用的一種風水術。
將乙太傳入地下，從而創造出人造水脈，可以推走水脈上的人。如果隨意使用，很可能會波及到同伴，這會導致某種意義上真的被人詛咒。",4,536,0,0,True,True,False,False,False,False,False,False,False,False,False,False
99,99,72300,"<UIForeground>F201F8</UIForeground><UIGlow>F201F9</UIGlow>攻擊類型：<UIGlow>01</UIGlow><UIForeground>01</UIForeground>魔法
<UIForeground>F201F8</UIForeground><UIGlow>F201F9</UIGlow>攻擊屬性：<UIGlow>01</UIGlow><UIForeground>01</UIForeground>無
<UIForeground>F201F8</UIForeground><UIGlow>F201F9</UIGlow>評級：<UIGlow>01</UIGlow><UIForeground>01</UIForeground>★
","一種名為紅陸行鳥的追獵種的絕招。
用周圍環境中的沙塵製作岩塊，再將其燒至通紅後墜落地面。正是因為此技能，所以紅陸行鳥才會被世界各地的人們懼怕。",1,2000,0,0,True,False,False,False,False,False,False,False,False,False,False,False
100,100,72301,"<UIForeground>F201F8</UIForeground><UIGlow>F201F9</UIGlow>攻擊類型：<UIGlow>01</UIGlow><UIForeground>01</UIForeground>魔法
<UIForeground>F201F8</UIForeground><UIGlow>F201F9</UIGlow>攻擊屬性：<UIGlow>01</UIGlow><UIForeground>01</UIForeground>無
<UIForeground>F201F8</UIForeground><UIGlow>F201F9</UIGlow>評級：<UIGlow>01</UIGlow><UIForeground>01</UIForeground>★★★
","新大陸的妖異使用的青魔法。
連續發射光彈。名字與瓦拉其族將對手逼入絕境的詛咒，以及將HP和MP相互轉換的秘術的名字相同。",2,0,0,0,True,False,False,False,False,False,False,False,False,False,False,False
101,101,72302,"<UIForeground>F201F8</UIForeground><UIGlow>F201F9</UIGlow>攻擊類型：<UIGlow>01</UIGlow><UIForeground>01</UIForeground>物理打擊
<UIForeground>F201F8</UIForeground><UIGlow>F201F9</UIGlow>攻擊屬性：<UIGlow>01</UIGlow><UIForeground>01</UIForeground>無
<UIForeground>F201F8</UIForeground><UIGlow>F201F9</UIGlow>評級：<UIGlow>01</UIGlow><UIForeground>01</UIForeground>★★★★
","模仿歐米茄使用技術的青魔法。
完全掌握了時空狹縫的歐米茄，可以用資料創造出任意的東西。現在將此技術用魔法再現，創造出鐵拳的幻影，攻擊敵人。",4,589,0,0,True,False,False,False,False,False,False,True,False,False,False,False
102,102,72303,"<UIForeground>F201F8</UIForeground><UIGlow>F201F9</UIGlow>攻擊類型：<UIGlow>01</UIGlow><UIForeground>01</UIForeground>物理打擊
<UIForeground>F201F8</UIForeground><UIGlow>F201F9</UIGlow>攻擊屬性：<UIGlow>01</UIGlow><UIForeground>01</UIForeground>無
<UIForeground>F201F8</UIForeground><UIGlow>F201F9</UIGlow>評級：<UIGlow>01</UIGlow><UIForeground>01</UIForeground>★★★★★
","齊天大聖的絕招。
神通力創造出的可伸縮自如的武器——如意棒，現在用魔法將其再現。通過高速揮動如意棒，可以帶動四周的空氣，產生旋風。",4,536,0,0,True,False,False,False,False,False,False,False,False,False,False,False
103,103,72304,"<UIForeground>F201F8</UIForeground><UIGlow>F201F9</UIGlow>攻擊類型：<UIGlow>01</UIGlow><UIForeground>01</UIForeground>物理打擊
<UIForeground>F201F8</UIForeground><UIGlow>F201F9</UIGlow>攻擊屬性：<UIGlow>01</UIGlow><UIForeground>01</UIForeground>無
<UIForeground>F201F8</UIForeground><UIGlow>F201F9</UIGlow>評級：<UIGlow>01</UIGlow><UIForeground>01</UIForeground>★★★★★
","朱雀的絕招。
以電光石火般的速度連續踢向敵人。鬼宿為東方占卜術中天球的一角，雖然幾乎所有事情都象徵著吉兆，但只有婚姻象徵著凶兆。",4,596,0,0,True,False,False,False,False,False,False,False,False,False,False,False
104,104,72305,"<UIForeground>F201F8</UIForeground><UIGlow>F201F9</UIGlow>攻擊類型：<UIGlow>01</UIGlow><UIForeground>01</UIForeground>魔法
<UIForeground>F201F8</UIForeground><UIGlow>F201F9</UIGlow>攻擊屬性：<UIGlow>01</UIGlow><UIForeground>01</UIForeground>無
<UIForeground>F201F8</UIForeground><UIGlow>F201F9</UIGlow>評級：<UIGlow>01</UIGlow><UIForeground>01</UIForeground>★★★★★
","月讀的絕招。
讓混有惡意的魔力聚為花束，再使其爆炸。將一年只開花一次的月下美人，喻為親手葬送自己的彼岸花，這種決意正是此魔法的力量之源。",4,537,0,0,True,False,False,False,False,False,False,False,False,False,False,False
105,105,72306,"<UIForeground>F201F8</UIForeground><UIGlow>F201F9</UIGlow>攻擊類型：<UIGlow>01</UIGlow><UIForeground>01</UIForeground>物理打擊
<UIForeground>F201F8</UIForeground><UIGlow>F201F9</UIGlow>攻擊屬性：<UIGlow>01</UIGlow><UIForeground>01</UIForeground>無
<UIForeground>F201F8</UIForeground><UIGlow>F201F9</UIGlow>評級：<UIGlow>01</UIGlow><UIForeground>01</UIForeground>★
","大哥布林的絕招。
連續毆打敵人的野蠻招式。變為青魔法後可以通過在拳頭上附加魔力來提升傷害，這個時候如果下定決心正面迎敵將會發揮出更加強大的力量。",1,2954,70310,70309,True,False,False,False,False,False,False,False,False,False,False,False
106,106,72307,"<UIForeground>F201F8</UIForeground><UIGlow>F201F9</UIGlow>攻擊類型：<UIGlow>01</UIGlow><UIForeground>01</UIForeground>物理打擊
<UIForeground>F201F8</UIForeground><UIGlow>F201F9</UIGlow>攻擊屬性：<UIGlow>01</UIGlow><UIForeground>01</UIForeground>無
<UIForeground>F201F8</UIForeground><UIGlow>F201F9</UIGlow>評級：<UIGlow>01</UIGlow><UIForeground>01</UIForeground>★★
","大犰狳的特殊攻擊。
通過魔法再現大犰狳用三叉狀的尾巴抓住岩石進行揮舞的攻擊招式。高速旋轉的魔力岩塊將會吹飛所有靠近的生物。",4,656,0,0,True,True,False,False,False,False,False,False,False,False,False,False
107,107,72308,"<UIForeground>F201F8</UIForeground><UIGlow>F201F9</UIGlow>攻擊類型：<UIGlow>01</UIGlow><UIForeground>01</UIForeground>魔法
<UIForeground>F201F8</UIForeground><UIGlow>F201F9</UIGlow>攻擊屬性：<UIGlow>01</UIGlow><UIForeground>01</UIForeground>無
<UIForeground>F201F8</UIForeground><UIGlow>F201F9</UIGlow>評級：<UIGlow>01</UIGlow><UIForeground>01</UIForeground>★
","部分犰狳使用的青魔法。
用魔力硬化外皮進行防禦。雖然可以反彈物理上的衝擊，但這並不意味著能夠減輕挨打的痛苦。",1,2955,70311,70310,False,True,False,False,False,False,False,False,False,False,False,False
108,108,72309,"<UIForeground>F201F8</UIForeground><UIGlow>F201F9</UIGlow>攻擊類型：<UIGlow>01</UIGlow><UIForeground>01</UIForeground>魔法
<UIForeground>F201F8</UIForeground><UIGlow>F201F9</UIGlow>攻擊屬性：<UIGlow>01</UIGlow><UIForeground>01</UIForeground>無
<UIForeground>F201F8</UIForeground><UIGlow>F201F9</UIGlow>評級：<UIGlow>01</UIGlow><UIForeground>01</UIForeground>★
","部分犰狳使用的青魔法。
集中空氣中的水分濕潤身體，以此來恢復損傷。畢竟乾燥和壓力十分不利於皮膚的保養。",1,2955,70312,70311,False,True,False,False,False,False,False,False,False,False,False,False
109,109,72310,"<UIForeground>F201F8</UIForeground><UIGlow>F201F9</UIGlow>攻擊類型：<UIGlow>01</UIGlow><UIForeground>01</UIForeground>魔法
<UIForeground>F201F8</UIForeground><UIGlow>F201F9</UIGlow>攻擊屬性：<UIGlow>01</UIGlow><UIForeground>01</UIForeground>無
<UIForeground>F201F8</UIForeground><UIGlow>F201F9</UIGlow>評級：<UIGlow>01</UIGlow><UIForeground>01</UIForeground>★★★
","新大陸的大型甲殼類使用的青魔法。
將複數乙太混合並吹向敵人，引起敵人體內生命乙太的屬性崩壞，從內部開始侵蝕對方。",2,0,0,0,True,False,False,False,False,False,False,False,False,False,False,False
110,110,72311,"<UIForeground>F201F8</UIForeground><UIGlow>F201F9</UIGlow>攻擊類型：<UIGlow>01</UIGlow><UIForeground>01</UIForeground>物理打擊
<UIForeground>F201F8</UIForeground><UIGlow>F201F9</UIGlow>攻擊屬性：<UIGlow>01</UIGlow><UIForeground>01</UIForeground>無
<UIForeground>F201F8</UIForeground><UIGlow>F201F9</UIGlow>評級：<UIGlow>01</UIGlow><UIForeground>01</UIForeground>★★★★
","幻光狂戰士的必殺技。
借由怒火激發靈魂釋放出破壞性的波動。雖然威力超群卻也會對身體造成極大的損傷。",4,737,0,0,True,False,False,False,False,False,False,False,False,False,False,False
111,111,72312,"<UIForeground>F201F8</UIForeground><UIGlow>F201F9</UIGlow>攻擊類型：<UIGlow>01</UIGlow><UIForeground>01</UIForeground>魔法
<UIForeground>F201F8</UIForeground><UIGlow>F201F9</UIGlow>攻擊屬性：<UIGlow>01</UIGlow><UIForeground>01</UIForeground>土
<UIForeground>F201F8</UIForeground><UIGlow>F201F9</UIGlow>評級：<UIGlow>01</UIGlow><UIForeground>01</UIForeground>★★
","土泥人的絕招。
操控土屬性乙太製造巨大的泥球並扔向敵人。頑固的泥污會讓人渾身不爽，給對方帶來持續的精神傷害。",4,746,0,0,True,False,False,False,False,False,False,False,False,False,False,False
112,112,72313,"<UIForeground>F201F8</UIForeground><UIGlow>F201F9</UIGlow>攻擊類型：<UIGlow>01</UIGlow><UIForeground>01</UIForeground>物理打擊
<UIForeground>F201F8</UIForeground><UIGlow>F201F9</UIGlow>攻擊屬性：<UIGlow>01</UIGlow><UIForeground>01</UIForeground>無
<UIForeground>F201F8</UIForeground><UIGlow>F201F9</UIGlow>評級：<UIGlow>01</UIGlow><UIForeground>01</UIForeground>★★★
","宮殿的隱者的特技。
用青魔法召喚魔法掃帚進行大清掃。每掃除一塊泥污都會提升自我肯定感，一個好心情也會給身心帶來好影響。",4,692,0,0,True,True,False,False,False,False,False,False,False,False,False,False
113,113,72314,"<UIForeground>F201F8</UIForeground><UIGlow>F201F9</UIGlow>攻擊類型：<UIGlow>01</UIGlow><UIForeground>01</UIForeground>物理斬擊
<UIForeground>F201F8</UIForeground><UIGlow>F201F9</UIGlow>攻擊屬性：<UIGlow>01</UIGlow><UIForeground>01</UIForeground>無
<UIForeground>F201F8</UIForeground><UIGlow>F201F9</UIGlow>評級：<UIGlow>01</UIGlow><UIForeground>01</UIForeground>★★★★
","仿照紅寶石武器的技術的青魔法。
原本是通過神兵武器內藏的電圈將能量以爪狀展開後進行橫掃的攻擊，現在利用乙太將其以青魔法的形式進行再現。",4,717,0,0,True,False,False,False,False,False,False,False,False,False,False,False
114,114,72315,"<UIForeground>F201F8</UIForeground><UIGlow>F201F9</UIGlow>攻擊類型：<UIGlow>01</UIGlow><UIForeground>01</UIForeground>魔法
<UIForeground>F201F8</UIForeground><UIGlow>F201F9</UIGlow>攻擊屬性：<UIGlow>01</UIGlow><UIForeground>01</UIForeground>無
<UIForeground>F201F8</UIForeground><UIGlow>F201F9</UIGlow>評級：<UIGlow>01</UIGlow><UIForeground>01</UIForeground>★★★★
","緹坦妮雅的愛用符文。
使用妖精語中蘊含咒文要素的“符文”放射乙太波動，受到乙太波動的物件將會因為共振現象而吸收“符文”放射出的乙太。",4,657,0,0,True,True,False,False,False,False,False,False,False,False,False,False
115,115,72316,"<UIForeground>F201F8</UIForeground><UIGlow>F201F9</UIGlow>攻擊類型：<UIGlow>01</UIGlow><UIForeground>01</UIForeground>魔法
<UIForeground>F201F8</UIForeground><UIGlow>F201F9</UIGlow>攻擊屬性：<UIGlow>01</UIGlow><UIForeground>01</UIForeground>無
<UIForeground>F201F8</UIForeground><UIGlow>F201F9</UIGlow>評級：<UIGlow>01</UIGlow><UIForeground>01</UIForeground>★★★★
","至尊伊甸的絕招。
將周圍的空間進行轉換，從而引發強烈的乙太排斥現象。雖然危害巨大，但由於是構築自身防禦的必要手段，因此需要較長的時間進行詠唱。",4,653,0,0,True,False,False,False,False,False,False,False,False,False,False,True
116,116,72317,"<UIForeground>F201F8</UIForeground><UIGlow>F201F9</UIGlow>攻擊類型：<UIGlow>01</UIGlow><UIForeground>01</UIForeground>魔法
<UIForeground>F201F8</UIForeground><UIGlow>F201F9</UIGlow>攻擊屬性：<UIGlow>01</UIGlow><UIForeground>01</UIForeground>無
<UIForeground>F201F8</UIForeground><UIGlow>F201F9</UIGlow>評級：<UIGlow>01</UIGlow><UIForeground>01</UIForeground>★★★
","得到寬恕的猥褻的絕招。
將光屬性乙太以帶狀延伸進行的攻擊。充其量不過是通過魔法進行再現的產物，該攻擊不具備讓物件產生食罪靈化的效果。",4,659,0,0,True,False,False,False,False,False,False,False,False,False,False,False
117,117,72318,"<UIForeground>F201F8</UIForeground><UIGlow>F201F9</UIGlow>攻擊類型：<UIGlow>01</UIGlow><UIForeground>01</UIForeground>魔法
<UIForeground>F201F8</UIForeground><UIGlow>F201F9</UIGlow>攻擊屬性：<UIGlow>01</UIGlow><UIForeground>01</UIForeground>無
<UIForeground>F201F8</UIForeground><UIGlow>F201F9</UIGlow>評級：<UIGlow>01</UIGlow><UIForeground>01</UIForeground>★★★
","賽菲羅特的絕招。
原本是包圍在敵人身上，為敵人帶來負面影響的力場，現在通過反向思維將其轉為防護用的技能。不過該立場並不穩定，只能隨機發揮出物理現象或是魔法現象中的一種。",2,0,0,0,False,True,False,False,False,False,False,False,False,False,False,False
118,118,72319,"<UIForeground>F201F8</UIForeground><UIGlow>F201F9</UIGlow>攻擊類型：<UIGlow>01</UIGlow><UIForeground>01</UIForeground>物理突刺
<UIForeground>F201F8</UIForeground><UIGlow>F201F9</UIGlow>攻擊屬性：<UIGlow>01</UIGlow><UIForeground>01</UIForeground>無
<UIForeground>F201F8</UIForeground><UIGlow>F201F9</UIGlow>評級：<UIGlow>01</UIGlow><UIForeground>01</UIForeground>★★★
","無瑕靈君的絕招。
幻化出數把光之劍從空中落下進行攻擊。有傳言說沃斯里大王會使用該技能將食罪靈製成妙料，為此每次使用該技能都會逐漸向完美神轉變。",4,666,0,0,True,False,False,False,False,False,False,False,False,False,False,False
119,119,72320,"<UIForeground>F201F8</UIForeground><UIGlow>F201F9</UIGlow>攻擊類型：<UIGlow>01</UIGlow><UIForeground>01</UIForeground>魔法
<UIForeground>F201F8</UIForeground><UIGlow>F201F9</UIGlow>攻擊屬性：<UIGlow>01</UIGlow><UIForeground>01</UIForeground>無
<UIForeground>F201F8</UIForeground><UIGlow>F201F9</UIGlow>評級：<UIGlow>01</UIGlow><UIForeground>01</UIForeground>★★★
","伊甸之約的絕招。
將眼球當做魔法陣的原理與怪光線等技能相同，不過由於該技能集中了大量乙太，所以在命中時甚至會產生氣浪。該魔法的缺點就是使用後會使眼睛乾澀。",4,758,0,0,True,False,False,False,False,False,False,False,False,False,False,False
120,120,72321,"<UIForeground>F201F8</UIForeground><UIGlow>F201F9</UIGlow>攻擊類型：<UIGlow>01</UIGlow><UIForeground>01</UIForeground>魔法
<UIForeground>F201F8</UIForeground><UIGlow>F201F9</UIGlow>攻擊屬性：<UIGlow>01</UIGlow><UIForeground>01</UIForeground>無
<UIForeground>F201F8</UIForeground><UIGlow>F201F9</UIGlow>評級：<UIGlow>01</UIGlow><UIForeground>01</UIForeground>★★
","美眼因克·佐恩的絕招。
召喚大量糖果從頭頂落下，用香甜的衝擊為肉體帶去痛苦的傷害。雖然叫糖果手杖，但掉落的糖果中不乏手杖形狀以外的糖果，這些可能都是額外贈送的。",4,649,0,0,True,True,False,False,False,False,False,False,False,False,False,False
121,121,72322,"<UIForeground>F201F8</UIForeground><UIGlow>F201F9</UIGlow>攻擊類型：<UIGlow>01</UIGlow><UIForeground>01</UIForeground>魔法
<UIForeground>F201F8</UIForeground><UIGlow>F201F9</UIGlow>攻擊屬性：<UIGlow>01</UIGlow><UIForeground>01</UIForeground>火
<UIForeground>F201F8</UIForeground><UIGlow>F201F9</UIGlow>評級：<UIGlow>01</UIGlow><UIForeground>01</UIForeground>★★★
","盧格斯的必殺技。
釋放在對方燃盡之前絕對不會熄滅的火炎。在通過青魔法進行再現的時候，有人指出該技能可能存在稍有失誤便會毀滅一個城市的危險，為此青魔道士行會對該技能進行了調整。現在該技能的威力得到了控制，可以用小火將敵人慢慢烤至兩面焦黃。",4,692,0,0,True,False,False,False,False,False,False,False,False,False,False,False
122,122,72323,"<UIForeground>F201F8</UIForeground><UIGlow>F201F9</UIGlow>攻擊類型：<UIGlow>01</UIGlow><UIForeground>01</UIForeground>魔法
<UIForeground>F201F8</UIForeground><UIGlow>F201F9</UIGlow>攻擊屬性：<UIGlow>01</UIGlow><UIForeground>01</UIForeground>水
<UIForeground>F201F8</UIForeground><UIGlow>F201F9</UIGlow>評級：<UIGlow>01</UIGlow><UIForeground>01</UIForeground>★★★★★
","水滴精的必殺技。
使大量的水流動並形成旋渦然後一口氣釋放。原本是為了陪伴幼兒玩水所創造的使魔，但這水流的威力實在是太強了。",4,746,0,0,True,False,False,False,False,False,False,False,False,False,False,False
123,123,72324,"<UIForeground>F201F8</UIForeground><UIGlow>F201F9</UIGlow>攻擊類型：<UIGlow>01</UIGlow><UIForeground>01</UIForeground>魔法
<UIForeground>F201F8</UIForeground><UIGlow>F201F9</UIGlow>攻擊屬性：<UIGlow>01</UIGlow><UIForeground>01</UIForeground>無
<UIForeground>F201F8</UIForeground><UIGlow>F201F9</UIGlow>評級：<UIGlow>01</UIGlow><UIForeground>01</UIForeground>★★★★★
","至大災獸的特殊攻擊。
如同名字含義中的“天啟”一樣，該技能並非通過語言或是文字，而是通過想像的力量造成破壞。如果一直保持著終結一切這種自暴自棄的想法，該技能似乎能夠半永久地持續下去。",4,652,0,0,True,False,False,False,False,False,False,False,False,False,False,False
124,124,72325,"<UIForeground>F201F8</UIForeground><UIGlow>F201F9</UIGlow>攻擊類型：<UIGlow>01</UIGlow><UIForeground>01</UIForeground>魔法
<UIForeground>F201F8</UIForeground><UIGlow>F201F9</UIGlow>攻擊屬性：<UIGlow>01</UIGlow><UIForeground>01</UIForeground>無
<UIForeground>F201F8</UIForeground><UIGlow>F201F9</UIGlow>評級：<UIGlow>01</UIGlow><UIForeground>01</UIForeground>★★★★★
","緹坦妮雅的必殺技。
運用多個符文構築出魔力的旋渦。此外，在妖精語中“終有一死”一詞不光是對有命數之人的藐視，同時也含有對其感到悲哀和同情的意思，是一個非常複雜的詞語。",4,657,0,0,True,False,False,False,False,False,False,False,False,False,False,False
