key,0,1,2,3,4,5,6,7,8,9,10,11,12,13,14,15,16,17,18,19,20,21,22,23,24,25,26,27,28,29,30,31,32,33,34,35,36,37,38,39,40,41,42,43
#,Name,ADV,GLA,PGL,MRD,LNC,ARC,CNJ,THM,CRP,BSM,ARM,GSM,LTW,WVR,ALC,CUL,MIN,BTN,FSH,PLD,MNK,WAR,DRG,BRD,WHM,BLM,ACN,SMN,SCH,ROG,NIN,MCH,DRK,AST,SAM,RDM,BLU,GNB,DNC,RPR,SGE,VPR,PCT
int32,str,bool,bool,bool,bool,bool,bool,bool,bool,bool,bool,bool,bool,bool,bool,bool,bool,bool,bool,bool,bool,bool,bool,bool,bool,bool,bool,bool,bool,bool,bool,bool,bool,bool,bool,bool,bool,bool,bool,bool,bool,bool,bool,bool
0,"",False,False,False,False,False,False,False,False,False,False,False,False,False,False,False,False,False,False,False,False,False,False,False,False,False,False,False,False,False,False,False,False,False,False,False,False,False,False,False,False,False,False,False
1,"所有職業",True,True,True,True,True,True,True,True,True,True,True,True,True,True,True,True,True,True,True,True,True,True,True,True,True,True,True,True,True,True,True,True,True,True,True,True,True,True,True,True,True,True,True
2,"劍術士",False,True,False,False,False,False,False,False,False,False,False,False,False,False,False,False,False,False,False,False,False,False,False,False,False,False,False,False,False,False,False,False,False,False,False,False,False,False,False,False,False,False,False
3,"格鬥士",False,False,True,False,False,False,False,False,False,False,False,False,False,False,False,False,False,False,False,False,False,False,False,False,False,False,False,False,False,False,False,False,False,False,False,False,False,False,False,False,False,False,False
4,"斧術士",False,False,False,True,False,False,False,False,False,False,False,False,False,False,False,False,False,False,False,False,False,False,False,False,False,False,False,False,False,False,False,False,False,False,False,False,False,False,False,False,False,False,False
5,"槍術士",False,False,False,False,True,False,False,False,False,False,False,False,False,False,False,False,False,False,False,False,False,False,False,False,False,False,False,False,False,False,False,False,False,False,False,False,False,False,False,False,False,False,False
6,"弓術士",False,False,False,False,False,True,False,False,False,False,False,False,False,False,False,False,False,False,False,False,False,False,False,False,False,False,False,False,False,False,False,False,False,False,False,False,False,False,False,False,False,False,False
7,"幻術士",False,False,False,False,False,False,True,False,False,False,False,False,False,False,False,False,False,False,False,False,False,False,False,False,False,False,False,False,False,False,False,False,False,False,False,False,False,False,False,False,False,False,False
8,"咒術士",False,False,False,False,False,False,False,True,False,False,False,False,False,False,False,False,False,False,False,False,False,False,False,False,False,False,False,False,False,False,False,False,False,False,False,False,False,False,False,False,False,False,False
9,"木工師",False,False,False,False,False,False,False,False,True,False,False,False,False,False,False,False,False,False,False,False,False,False,False,False,False,False,False,False,False,False,False,False,False,False,False,False,False,False,False,False,False,False,False
10,"鍛造師",False,False,False,False,False,False,False,False,False,True,False,False,False,False,False,False,False,False,False,False,False,False,False,False,False,False,False,False,False,False,False,False,False,False,False,False,False,False,False,False,False,False,False
11,"甲冑師",False,False,False,False,False,False,False,False,False,False,True,False,False,False,False,False,False,False,False,False,False,False,False,False,False,False,False,False,False,False,False,False,False,False,False,False,False,False,False,False,False,False,False
12,"金工師",False,False,False,False,False,False,False,False,False,False,False,True,False,False,False,False,False,False,False,False,False,False,False,False,False,False,False,False,False,False,False,False,False,False,False,False,False,False,False,False,False,False,False
13,"皮革師",False,False,False,False,False,False,False,False,False,False,False,False,True,False,False,False,False,False,False,False,False,False,False,False,False,False,False,False,False,False,False,False,False,False,False,False,False,False,False,False,False,False,False
14,"裁縫師",False,False,False,False,False,False,False,False,False,False,False,False,False,True,False,False,False,False,False,False,False,False,False,False,False,False,False,False,False,False,False,False,False,False,False,False,False,False,False,False,False,False,False
15,"鍊金術師",False,False,False,False,False,False,False,False,False,False,False,False,False,False,True,False,False,False,False,False,False,False,False,False,False,False,False,False,False,False,False,False,False,False,False,False,False,False,False,False,False,False,False
16,"烹調師",False,False,False,False,False,False,False,False,False,False,False,False,False,False,False,True,False,False,False,False,False,False,False,False,False,False,False,False,False,False,False,False,False,False,False,False,False,False,False,False,False,False,False
17,"採掘師",False,False,False,False,False,False,False,False,False,False,False,False,False,False,False,False,True,False,False,False,False,False,False,False,False,False,False,False,False,False,False,False,False,False,False,False,False,False,False,False,False,False,False
18,"園藝師",False,False,False,False,False,False,False,False,False,False,False,False,False,False,False,False,False,True,False,False,False,False,False,False,False,False,False,False,False,False,False,False,False,False,False,False,False,False,False,False,False,False,False
19,"漁師",False,False,False,False,False,False,False,False,False,False,False,False,False,False,False,False,False,False,True,False,False,False,False,False,False,False,False,False,False,False,False,False,False,False,False,False,False,False,False,False,False,False,False
20,"騎士",False,False,False,False,False,False,False,False,False,False,False,False,False,False,False,False,False,False,False,True,False,False,False,False,False,False,False,False,False,False,False,False,False,False,False,False,False,False,False,False,False,False,False
21,"武僧",False,False,False,False,False,False,False,False,False,False,False,False,False,False,False,False,False,False,False,False,True,False,False,False,False,False,False,False,False,False,False,False,False,False,False,False,False,False,False,False,False,False,False
22,"戰士",False,False,False,False,False,False,False,False,False,False,False,False,False,False,False,False,False,False,False,False,False,True,False,False,False,False,False,False,False,False,False,False,False,False,False,False,False,False,False,False,False,False,False
23,"龍騎士",False,False,False,False,False,False,False,False,False,False,False,False,False,False,False,False,False,False,False,False,False,False,True,False,False,False,False,False,False,False,False,False,False,False,False,False,False,False,False,False,False,False,False
24,"吟遊詩人",False,False,False,False,False,False,False,False,False,False,False,False,False,False,False,False,False,False,False,False,False,False,False,True,False,False,False,False,False,False,False,False,False,False,False,False,False,False,False,False,False,False,False
25,"白魔道士",False,False,False,False,False,False,False,False,False,False,False,False,False,False,False,False,False,False,False,False,False,False,False,False,True,False,False,False,False,False,False,False,False,False,False,False,False,False,False,False,False,False,False
26,"黑魔道士",False,False,False,False,False,False,False,False,False,False,False,False,False,False,False,False,False,False,False,False,False,False,False,False,False,True,False,False,False,False,False,False,False,False,False,False,False,False,False,False,False,False,False
27,"巴術士",False,False,False,False,False,False,False,False,False,False,False,False,False,False,False,False,False,False,False,False,False,False,False,False,False,False,True,False,False,False,False,False,False,False,False,False,False,False,False,False,False,False,False
28,"召喚士",False,False,False,False,False,False,False,False,False,False,False,False,False,False,False,False,False,False,False,False,False,False,False,False,False,False,False,True,False,False,False,False,False,False,False,False,False,False,False,False,False,False,False
29,"學者",False,False,False,False,False,False,False,False,False,False,False,False,False,False,False,False,False,False,False,False,False,False,False,False,False,False,False,False,True,False,False,False,False,False,False,False,False,False,False,False,False,False,False
30,"戰鬥精英",False,True,True,True,True,True,False,False,False,False,False,False,False,False,False,False,False,False,False,True,True,True,True,True,False,False,False,False,False,True,True,True,True,False,True,False,False,True,True,True,False,True,False
31,"魔法導師",False,False,False,False,False,False,True,True,False,False,False,False,False,False,False,False,False,False,False,False,False,False,False,False,True,True,True,True,True,False,False,False,False,True,False,True,True,False,False,False,True,False,True
32,"大地使者",False,False,False,False,False,False,False,False,False,False,False,False,False,False,False,False,True,True,True,False,False,False,False,False,False,False,False,False,False,False,False,False,False,False,False,False,False,False,False,False,False,False,False
33,"能工巧匠",False,False,False,False,False,False,False,False,True,True,True,True,True,True,True,True,False,False,False,False,False,False,False,False,False,False,False,False,False,False,False,False,False,False,False,False,False,False,False,False,False,False,False
34,"戰鬥精英 魔法導師",False,True,True,True,True,True,True,True,False,False,False,False,False,False,False,False,False,False,False,True,True,True,True,True,True,True,True,True,True,True,True,True,True,True,True,True,True,True,True,True,True,True,True
35,"能工巧匠 大地使者",False,False,False,False,False,False,False,False,True,True,True,True,True,True,True,True,True,True,True,False,False,False,False,False,False,False,False,False,False,False,False,False,False,False,False,False,False,False,False,False,False,False,False
36,"劍術士之外的戰鬥精英",False,False,True,True,True,True,False,False,False,False,False,False,False,False,False,False,False,False,False,True,True,True,True,True,False,False,False,False,False,True,True,True,True,False,False,False,False,False,False,True,False,True,False
37,"劍術士 格鬥士 斧術士 槍術士 弓術士 雙劍士 幻術士 咒術士 巴術士 騎士 戰士 暗黑騎士",False,True,True,True,True,True,True,True,False,False,False,False,False,False,False,False,False,False,False,True,False,True,False,False,False,False,True,False,False,True,False,False,True,False,False,False,False,False,False,False,False,False,False
38,"劍術士 騎士",False,True,False,False,False,False,False,False,False,False,False,False,False,False,False,False,False,False,False,True,False,False,False,False,False,False,False,False,False,False,False,False,False,False,False,False,False,False,False,False,False,False,False
39,"劍術士 格鬥士 斧術士 槍術士 弓術士 雙劍士 騎士 戰士 暗黑騎士",False,True,True,True,True,True,False,False,False,False,False,False,False,False,False,False,False,False,False,True,False,True,False,False,False,False,False,False,False,True,False,False,True,False,False,False,False,False,False,False,False,False,False
40,"劍術士 格鬥士 斧術士 槍術士 弓術士 雙劍士 幻術士 咒術士 巴術士 武僧 戰士 龍騎士 吟遊詩人 忍者",False,True,True,True,True,True,True,True,False,False,False,False,False,False,False,False,False,False,False,False,True,True,True,True,False,False,True,False,False,True,True,False,False,False,False,False,False,False,False,False,False,False,False
41,"格鬥士 武僧",False,False,True,False,False,False,False,False,False,False,False,False,False,False,False,False,False,False,False,False,True,False,False,False,False,False,False,False,False,False,False,False,False,False,False,False,False,False,False,False,False,False,False
42,"劍術士 格鬥士 斧術士 槍術士 弓術士 雙劍士 武僧 戰士 龍騎士 吟遊詩人 忍者",False,True,True,True,True,True,False,False,False,False,False,False,False,False,False,False,False,False,False,False,True,True,True,True,False,False,False,False,False,True,True,False,False,False,False,False,False,False,False,False,False,False,False
43,"劍術士 格鬥士 斧術士 槍術士 弓術士 雙劍士 幻術士 咒術士 巴術士 騎士 武僧 戰士 龍騎士 暗黑騎士",False,True,True,True,True,True,True,True,False,False,False,False,False,False,False,False,False,False,False,True,True,True,True,False,False,False,True,False,False,True,False,False,True,False,False,False,False,False,False,False,False,False,False
44,"斧術士 戰士",False,False,False,True,False,False,False,False,False,False,False,False,False,False,False,False,False,False,False,False,False,True,False,False,False,False,False,False,False,False,False,False,False,False,False,False,False,False,False,False,False,False,False
45,"劍術士 格鬥士 斧術士 槍術士 弓術士 雙劍士 騎士 武僧 戰士 龍騎士 暗黑騎士",False,True,True,True,True,True,False,False,False,False,False,False,False,False,False,False,False,False,False,True,True,True,True,False,False,False,False,False,False,True,False,False,True,False,False,False,False,False,False,False,False,False,False
46,"劍術士 格鬥士 斧術士 槍術士 弓術士 雙劍士 幻術士 咒術士 巴術士 武僧 龍騎士 吟遊詩人 忍者 機工士",False,True,True,True,True,True,True,True,False,False,False,False,False,False,False,False,False,False,False,False,True,False,True,True,False,False,True,False,False,True,True,True,False,False,False,False,False,False,False,False,False,False,False
47,"槍術士 龍騎士",False,False,False,False,True,False,False,False,False,False,False,False,False,False,False,False,False,False,False,False,False,False,True,False,False,False,False,False,False,False,False,False,False,False,False,False,False,False,False,False,False,False,False
48,"劍術士 格鬥士 斧術士 槍術士 弓術士 雙劍士 武僧 龍騎士 吟遊詩人 忍者 機工士",False,True,True,True,True,True,False,False,False,False,False,False,False,False,False,False,False,False,False,False,True,False,True,True,False,False,False,False,False,True,True,True,False,False,False,False,False,False,False,False,False,False,False
49,"劍術士 格鬥士 斧術士 槍術士 弓術士 雙劍士 幻術士 咒術士 巴術士 吟遊詩人 黑魔道士 召喚士 機工士",False,True,True,True,True,True,True,True,False,False,False,False,False,False,False,False,False,False,False,False,False,False,False,True,False,True,True,True,False,True,False,True,False,False,False,False,False,False,False,False,False,False,False
50,"弓術士 吟遊詩人",False,False,False,False,False,True,False,False,False,False,False,False,False,False,False,False,False,False,False,False,False,False,False,True,False,False,False,False,False,False,False,False,False,False,False,False,False,False,False,False,False,False,False
51,"劍術士 格鬥士 斧術士 槍術士 弓術士 雙劍士 吟遊詩人 機工士",False,True,True,True,True,True,False,False,False,False,False,False,False,False,False,False,False,False,False,False,False,False,False,True,False,False,False,False,False,True,False,True,False,False,False,False,False,False,False,False,False,False,False
52,"劍術士 格鬥士 斧術士 槍術士 弓術士 雙劍士 幻術士 咒術士 巴術士 騎士 白魔道士 學者 占星術師",False,True,True,True,True,True,True,True,False,False,False,False,False,False,False,False,False,False,False,True,False,False,False,False,True,False,True,False,True,True,False,False,False,True,False,False,False,False,False,False,False,False,False
53,"幻術士 白魔道士",False,False,False,False,False,False,True,False,False,False,False,False,False,False,False,False,False,False,False,False,False,False,False,False,True,False,False,False,False,False,False,False,False,False,False,False,False,False,False,False,False,False,False
54,"劍術士 格鬥士 斧術士 槍術士 弓術士 雙劍士 幻術士 咒術士 巴術士 白魔道士 黑魔道士 召喚士 學者 占星術師",False,True,True,True,True,True,True,True,False,False,False,False,False,False,False,False,False,False,False,False,False,False,False,False,True,True,True,True,True,True,False,False,False,True,False,False,False,False,False,False,False,False,False
55,"咒術士 黑魔道士",False,False,False,False,False,False,False,True,False,False,False,False,False,False,False,False,False,False,False,False,False,False,False,False,False,True,False,False,False,False,False,False,False,False,False,False,False,False,False,False,False,False,False
56,"劍術士 幻術士 咒術士 騎士 白魔道士 黑魔道士",False,True,False,False,False,False,True,True,False,False,False,False,False,False,False,False,False,False,False,True,False,False,False,False,True,True,False,False,False,False,False,False,False,False,False,False,False,False,False,False,False,False,False
57,"劍術士 咒術士 騎士 黑魔道士",False,True,False,False,False,False,False,True,False,False,False,False,False,False,False,False,False,False,False,True,False,False,False,False,False,True,False,False,False,False,False,False,False,False,False,False,False,False,False,False,False,False,False
58,"劍術士 幻術士 騎士 白魔道士",False,True,False,False,False,False,True,False,False,False,False,False,False,False,False,False,False,False,False,True,False,False,False,False,True,False,False,False,False,False,False,False,False,False,False,False,False,False,False,False,False,False,False
59,"劍術士 斧術士 騎士 戰士 暗黑騎士 絕槍戰士",False,True,False,True,False,False,False,False,False,False,False,False,False,False,False,False,False,False,False,True,False,True,False,False,False,False,False,False,False,False,False,False,True,False,False,False,False,True,False,False,False,False,False
60,"劍術士 斧術士 槍術士 騎士 戰士 龍騎士 暗黑騎士 絕槍戰士 奪魂者",False,True,False,True,True,False,False,False,False,False,False,False,False,False,False,False,False,False,False,True,False,True,True,False,False,False,False,False,False,False,False,False,True,False,False,False,False,True,False,True,False,False,False
61,"幻術士 咒術士 巴術士 白魔道士 學者 占星術師",False,False,False,False,False,False,True,True,False,False,False,False,False,False,False,False,False,False,False,False,False,False,False,False,True,False,True,False,True,False,False,False,False,True,False,False,False,False,False,False,False,False,False
62,"幻術士 咒術士 巴術士 白魔道士 黑魔道士 召喚士 學者 占星術師",False,False,False,False,False,False,True,True,False,False,False,False,False,False,False,False,False,False,False,False,False,False,False,False,True,True,True,True,True,False,False,False,False,True,False,False,False,False,False,False,False,False,False
63,"咒術士 巴術士 黑魔道士 召喚士 赤魔道士 青魔道士 繪靈法師",False,False,False,False,False,False,False,True,False,False,False,False,False,False,False,False,False,False,False,False,False,False,False,False,False,True,True,True,False,False,False,False,False,False,False,True,True,False,False,False,False,False,True
64,"幻術士 白魔道士 學者 占星術師 賢者",False,False,False,False,False,False,True,False,False,False,False,False,False,False,False,False,False,False,False,False,False,False,False,False,True,False,False,False,True,False,False,False,False,True,False,False,False,False,False,False,True,False,False
65,"格鬥士 武僧 武士",False,False,True,False,False,False,False,False,False,False,False,False,False,False,False,False,False,False,False,False,True,False,False,False,False,False,False,False,False,False,False,False,False,False,True,False,False,False,False,False,False,False,False
66,"弓術士 吟遊詩人 機工士 舞者",False,False,False,False,False,True,False,False,False,False,False,False,False,False,False,False,False,False,False,False,False,False,False,True,False,False,False,False,False,False,False,True,False,False,False,False,False,False,True,False,False,False,False
67,"劍術士 格鬥士 斧術士 槍術士 雙劍士 武僧 龍騎士 忍者",False,True,True,True,True,False,False,False,False,False,False,False,False,False,False,False,False,False,False,False,True,False,True,False,False,False,False,False,False,True,True,False,False,False,False,False,False,False,False,False,False,False,False
68,"巴術士 召喚士 學者",False,False,False,False,False,False,False,False,False,False,False,False,False,False,False,False,False,False,False,False,False,False,False,False,False,False,True,True,True,False,False,False,False,False,False,False,False,False,False,False,False,False,False
69,"巴術士 召喚士",False,False,False,False,False,False,False,False,False,False,False,False,False,False,False,False,False,False,False,False,False,False,False,False,False,False,True,True,False,False,False,False,False,False,False,False,False,False,False,False,False,False,False
70,"烹調師之外的能工巧匠",False,False,False,False,False,False,False,False,True,True,True,True,True,True,True,False,False,False,False,False,False,False,False,False,False,False,False,False,False,False,False,False,False,False,False,False,False,False,False,False,False,False,False
71,"劍術士 格鬥士 斧術士 槍術士 弓術士 雙劍士 幻術士 咒術士 巴術士 白魔道士 黑魔道士 召喚士 學者",False,True,True,True,True,True,True,True,False,False,False,False,False,False,False,False,False,False,False,False,False,False,False,False,True,True,True,True,True,True,False,False,False,False,False,False,False,False,False,False,False,False,False
72,"幻術士 咒術士 巴術士 白魔道士 黑魔道士 召喚士 學者",False,False,False,False,False,False,True,True,False,False,False,False,False,False,False,False,False,False,False,False,False,False,False,False,True,True,True,True,True,False,False,False,False,False,False,False,False,False,False,False,False,False,False
73,"幻術士 白魔道士 學者 占星術師 賢者",False,False,False,False,False,False,True,False,False,False,False,False,False,False,False,False,False,False,False,False,False,False,False,False,True,False,False,False,True,False,False,False,False,True,False,False,False,False,False,False,True,False,False
74,"",True,True,True,True,True,True,True,True,True,True,True,True,True,True,True,True,True,True,True,True,True,True,True,True,True,True,True,True,True,True,True,True,True,True,True,True,True,True,True,True,True,True,True
75,"",False,True,False,True,False,False,False,False,False,False,False,False,False,False,False,False,False,False,False,True,False,True,False,False,False,False,False,False,False,False,False,False,True,False,False,False,False,True,False,False,False,False,False
76,"槍術士 龍騎士 奪魂者",False,False,False,False,True,False,False,False,False,False,False,False,False,False,False,False,False,False,False,False,False,False,True,False,False,False,False,False,False,False,False,False,False,False,False,False,False,False,False,True,False,False,False
77,"",False,False,True,False,False,False,False,False,False,False,False,False,False,False,False,False,False,False,False,False,True,False,False,False,False,False,False,False,False,False,False,False,False,False,True,False,False,False,False,False,False,False,False
78,"",False,False,False,False,False,True,False,False,False,False,False,False,False,False,False,False,False,False,False,False,False,False,False,True,False,False,False,False,False,False,False,True,False,False,False,False,False,False,True,False,False,False,False
79,"",False,False,False,False,False,False,False,True,False,False,False,False,False,False,False,False,False,False,False,False,False,False,False,False,False,True,True,True,False,False,False,False,False,False,False,True,True,False,False,False,False,False,True
80,"",False,False,False,False,False,False,True,False,False,False,False,False,False,False,False,False,False,False,False,False,False,False,False,False,True,False,False,False,True,False,False,False,False,True,False,False,False,False,False,False,True,False,False
81,"",False,False,True,False,True,True,False,False,False,False,False,False,False,False,False,False,False,False,False,False,True,False,True,True,False,False,False,False,False,True,True,True,False,False,True,False,False,False,True,True,False,True,False
82,"",False,False,False,False,False,False,True,True,False,False,False,False,False,False,False,False,False,False,False,False,False,False,False,False,True,True,True,True,True,False,False,False,False,True,False,True,True,False,False,False,True,False,True
83,"",False,False,False,False,False,False,False,False,True,True,True,True,True,True,True,True,True,True,True,False,False,False,False,False,False,False,False,False,False,False,False,False,False,False,False,False,False,False,False,False,False,False,False
84,"格鬥士 槍術士 武僧 龍騎士 武士 奪魂者",False,False,True,False,True,False,False,False,False,False,False,False,False,False,False,False,False,False,False,False,True,False,True,False,False,False,False,False,False,False,False,False,False,False,True,False,False,False,False,True,False,False,False
85,"戰鬥精英 魔法導師 特職專用",False,False,False,False,False,False,False,False,False,False,False,False,False,False,False,False,False,False,False,True,True,True,True,True,True,True,False,True,True,False,True,True,True,True,True,True,False,True,True,True,True,True,True
86,"騎士 戰士 暗黑騎士 絕槍戰士 武僧 龍騎士 忍者 武士",False,False,False,False,False,False,False,False,False,False,False,False,False,False,False,False,False,False,False,True,True,True,True,False,False,False,False,False,False,False,True,False,True,False,True,False,False,True,False,False,False,False,False
87,"吟遊詩人 機工士 舞者 黑魔道士 召喚士 赤魔道士 白魔道士 學者 占星術師",False,False,False,False,False,False,False,False,False,False,False,False,False,False,False,False,False,False,False,False,False,False,False,True,True,True,False,True,True,False,False,True,False,True,False,True,False,False,True,False,False,False,False
88,"劍術士 斧術士 格鬥士 槍術士 弓術士 雙劍士 騎士 武僧 戰士 龍騎士 吟遊詩人 忍者 暗黑騎士 機工士",False,True,True,True,True,True,False,False,False,False,False,False,False,False,False,False,False,False,False,True,True,True,True,True,False,False,False,False,False,True,True,True,True,False,False,False,False,False,False,False,False,False,False
89,"黑魔道士 召喚士 赤魔道士 繪靈法師",False,False,False,False,False,False,False,False,False,False,False,False,False,False,False,False,False,False,False,False,False,False,False,False,False,True,False,True,False,False,False,False,False,False,False,True,False,False,False,False,False,False,True
90,"弓術士 幻術士 咒術士 巴術士 白魔道士 吟遊詩人 黑魔道士 召喚士 學者 機工士 占星術師",False,False,False,False,False,True,True,True,False,False,False,False,False,False,False,False,False,False,False,False,False,False,False,True,True,True,True,True,True,False,False,True,False,True,False,False,False,False,False,False,False,False,False
91,"雙劍士",False,False,False,False,False,False,False,False,False,False,False,False,False,False,False,False,False,False,False,False,False,False,False,False,False,False,False,False,False,True,False,False,False,False,False,False,False,False,False,False,False,False,False
92,"忍者",False,False,False,False,False,False,False,False,False,False,False,False,False,False,False,False,False,False,False,False,False,False,False,False,False,False,False,False,False,False,True,False,False,False,False,False,False,False,False,False,False,False,False
93,"雙劍士  忍者",False,False,False,False,False,False,False,False,False,False,False,False,False,False,False,False,False,False,False,False,False,False,False,False,False,False,False,False,False,True,True,False,False,False,False,False,False,False,False,False,False,False,False
94,"劍術士 格鬥士 斧術士 槍術士 弓術士 雙劍士 忍者",False,True,True,True,True,True,False,False,False,False,False,False,False,False,False,False,False,False,False,False,False,False,False,False,False,False,False,False,False,True,True,False,False,False,False,False,False,False,False,False,False,False,False
95,"劍術士 格鬥士 斧術士 槍術士 雙劍士 忍者",False,True,True,True,True,False,False,False,False,False,False,False,False,False,False,False,False,False,False,False,False,False,False,False,False,False,False,False,False,True,True,False,False,False,False,False,False,False,False,False,False,False,False
96,"機工士",False,False,False,False,False,False,False,False,False,False,False,False,False,False,False,False,False,False,False,False,False,False,False,False,False,False,False,False,False,False,False,True,False,False,False,False,False,False,False,False,False,False,False
97,"格鬥士 槍術士 弓術士 雙劍士 武僧 龍騎士 吟遊詩人 忍者 機工士",False,False,True,False,True,True,False,False,False,False,False,False,False,False,False,False,False,False,False,False,True,False,True,True,False,False,False,False,False,True,True,True,False,False,False,False,False,False,False,False,False,False,False
98,"暗黑騎士",False,False,False,False,False,False,False,False,False,False,False,False,False,False,False,False,False,False,False,False,False,False,False,False,False,False,False,False,False,False,False,False,True,False,False,False,False,False,False,False,False,False,False
99,"占星術師",False,False,False,False,False,False,False,False,False,False,False,False,False,False,False,False,False,False,False,False,False,False,False,False,False,False,False,False,False,False,False,False,False,True,False,False,False,False,False,False,False,False,False
100,"弓術士 雙劍士 吟遊詩人 忍者 機工士",False,False,False,False,False,True,False,False,False,False,False,False,False,False,False,False,False,False,False,False,False,False,False,True,False,False,False,False,False,True,True,True,False,False,False,False,False,False,False,False,False,False,False
101,"格鬥士 槍術士 雙劍士 武僧 龍騎士 忍者",False,False,True,False,True,False,False,False,False,False,False,False,False,False,False,False,False,False,False,False,True,False,True,False,False,False,False,False,False,True,True,False,False,False,False,False,False,False,False,False,False,False,False
102,"格鬥士 雙劍士 武僧 忍者 武士 毒蛇劍士",False,False,True,False,False,False,False,False,False,False,False,False,False,False,False,False,False,False,False,False,True,False,False,False,False,False,False,False,False,True,True,False,False,False,True,False,False,False,False,False,False,True,False
103,"雙劍士  忍者 毒蛇劍士",False,False,False,False,False,False,False,False,False,False,False,False,False,False,False,False,False,False,False,False,False,False,False,False,False,False,False,False,False,True,True,False,False,False,False,False,False,False,False,False,False,True,False
104,"",False,False,False,False,False,False,False,False,False,False,False,False,False,False,False,False,False,False,False,False,False,False,False,False,False,False,False,False,False,True,True,False,False,False,False,False,False,False,False,False,False,True,False
105,"弓術士 雙劍士 吟遊詩人 忍者 機工士 舞者 毒蛇劍士",False,False,False,False,False,True,False,False,False,False,False,False,False,False,False,False,False,False,False,False,False,False,False,True,False,False,False,False,False,True,True,True,False,False,False,False,False,False,True,False,False,True,False
106,"劍術士 格鬥士 斧術士 槍術士 弓術士 雙劍士 吟遊詩人",False,True,True,True,True,True,False,False,False,False,False,False,False,False,False,False,False,False,False,False,False,False,False,True,False,False,False,False,False,True,False,False,False,False,False,False,False,False,False,False,False,False,False
107,"騎士 武僧 戰士 龍騎士 吟遊詩人 白魔道士 黑魔道士 召喚士 學者 忍者 機工士 暗黑騎士 占星術師",False,False,False,False,False,False,False,False,False,False,False,False,False,False,False,False,False,False,False,True,True,True,True,True,True,True,False,True,True,False,True,True,True,True,False,False,False,False,False,False,False,False,False
108,"戰鬥精英 魔法導師",False,True,True,True,True,True,True,True,False,False,False,False,False,False,False,False,False,False,False,True,True,True,True,True,True,True,True,True,True,True,True,True,True,True,True,True,True,True,True,True,True,True,True
109,"",False,True,True,True,True,True,True,True,True,True,True,True,True,True,True,True,True,True,True,True,True,True,True,True,True,True,True,True,True,True,True,True,True,True,True,True,True,True,True,True,True,True,True
110,"戰鬥精英 魔法導師 特職專用",False,False,False,False,False,False,False,False,False,False,False,False,False,False,False,False,False,False,False,True,True,True,True,True,True,True,False,True,True,False,True,True,True,True,True,True,True,True,True,True,True,True,True
111,"武士",False,False,False,False,False,False,False,False,False,False,False,False,False,False,False,False,False,False,False,False,False,False,False,False,False,False,False,False,False,False,False,False,False,False,True,False,False,False,False,False,False,False,False
112,"赤魔道士",False,False,False,False,False,False,False,False,False,False,False,False,False,False,False,False,False,False,False,False,False,False,False,False,False,False,False,False,False,False,False,False,False,False,False,True,False,False,False,False,False,False,False
113,"劍術士 斧術士 騎士 戰士 暗黑騎士 絕槍戰士",False,True,False,True,False,False,False,False,False,False,False,False,False,False,False,False,False,False,False,True,False,True,False,False,False,False,False,False,False,False,False,False,True,False,False,False,False,True,False,False,False,False,False
114,"格鬥士 槍術士 武僧 龍騎士 雙劍士 忍者 武士 奪魂者 毒蛇劍士",False,False,True,False,True,False,False,False,False,False,False,False,False,False,False,False,False,False,False,False,True,False,True,False,False,False,False,False,False,True,True,False,False,False,True,False,False,False,False,True,False,True,False
115,"弓術士 吟遊詩人 機工士 舞者",False,False,False,False,False,True,False,False,False,False,False,False,False,False,False,False,False,False,False,False,False,False,False,True,False,False,False,False,False,False,False,True,False,False,False,False,False,False,True,False,False,False,False
116,"咒術士 黑魔道士 巴術士 召喚士 赤魔道士 青魔道士 繪靈法師",False,False,False,False,False,False,False,True,False,False,False,False,False,False,False,False,False,False,False,False,False,False,False,False,False,True,True,True,False,False,False,False,False,False,False,True,True,False,False,False,False,False,True
117,"幻術士 白魔道士 學者 占星術師 賢者",False,False,False,False,False,False,True,False,False,False,False,False,False,False,False,False,False,False,False,False,False,False,False,False,True,False,False,False,True,False,False,False,False,True,False,False,False,False,False,False,True,False,False
118,"格鬥士 槍術士 弓術士 武僧 龍騎士 吟遊詩人 雙劍士 忍者 機工士 武士 舞者 奪魂者 毒蛇劍士",False,False,True,False,True,True,False,False,False,False,False,False,False,False,False,False,False,False,False,False,True,False,True,True,False,False,False,False,False,True,True,True,False,False,True,False,False,False,True,True,False,True,False
119,"格鬥士 槍術士 咒術士 武僧 龍騎士 黑魔道士 巴術士 召喚士 雙劍士 忍者 武士 赤魔道士 青魔道士 奪魂者 毒蛇劍士 繪靈法師",False,False,True,False,True,False,False,True,False,False,False,False,False,False,False,False,False,False,False,False,True,False,True,False,False,True,True,True,False,True,True,False,False,False,True,True,True,False,False,True,False,True,True
120,"幻術士 咒術士 白魔道士 黑魔道士 巴術士 召喚士 學者 占星術師 赤魔道士 青魔道士 賢者 繪靈法師",False,False,False,False,False,False,True,True,False,False,False,False,False,False,False,False,False,False,False,False,False,False,False,False,True,True,True,True,True,False,False,False,False,True,False,True,True,False,False,False,True,False,True
121,"騎士 戰士 暗黑騎士 絕槍戰士",False,False,False,False,False,False,False,False,False,False,False,False,False,False,False,False,False,False,False,True,False,True,False,False,False,False,False,False,False,False,False,False,True,False,False,False,False,True,False,False,False,False,False
122,"武僧 龍騎士 忍者 武士 奪魂者 毒蛇劍士",False,False,False,False,False,False,False,False,False,False,False,False,False,False,False,False,False,False,False,False,True,False,True,False,False,False,False,False,False,False,True,False,False,False,True,False,False,False,False,True,False,True,False
123,"吟遊詩人 機工士 舞者",False,False,False,False,False,False,False,False,False,False,False,False,False,False,False,False,False,False,False,False,False,False,False,True,False,False,False,False,False,False,False,True,False,False,False,False,False,False,True,False,False,False,False
124,"黑魔道士 召喚士 赤魔道士 青魔道士 繪靈法師",False,False,False,False,False,False,False,False,False,False,False,False,False,False,False,False,False,False,False,False,False,False,False,False,False,True,False,True,False,False,False,False,False,False,False,True,True,False,False,False,False,False,True
125,"白魔道士 學者 占星術師 賢者",False,False,False,False,False,False,False,False,False,False,False,False,False,False,False,False,False,False,False,False,False,False,False,False,True,False,False,False,True,False,False,False,False,True,False,False,False,False,False,False,True,False,False
126,"武僧 龍騎士 吟遊詩人 忍者 機工士 武士 舞者 奪魂者 毒蛇劍士",False,False,False,False,False,False,False,False,False,False,False,False,False,False,False,False,False,False,False,False,True,False,True,True,False,False,False,False,False,False,True,True,False,False,True,False,False,False,True,True,False,True,False
127,"武僧 龍騎士 黑魔道士 召喚士 忍者 武士 赤魔道士 青魔道士 奪魂者 毒蛇劍士 繪靈法師",False,False,False,False,False,False,False,False,False,False,False,False,False,False,False,False,False,False,False,False,True,False,True,False,False,True,False,True,False,False,True,False,False,False,True,True,True,False,False,True,False,True,True
128,"白魔道士 黑魔道士 召喚士 學者 占星術師 赤魔道士 青魔道士 賢者 繪靈法師",False,False,False,False,False,False,False,False,False,False,False,False,False,False,False,False,False,False,False,False,False,False,False,False,True,True,False,True,True,False,False,False,False,True,False,True,True,False,False,False,True,False,True
129,"青魔道士",False,False,False,False,False,False,False,False,False,False,False,False,False,False,False,False,False,False,False,False,False,False,False,False,False,False,False,False,False,False,False,False,False,False,False,False,True,False,False,False,False,False,False
130,"所有（除設限特職）",True,True,True,True,True,True,True,True,True,True,True,True,True,True,True,True,True,True,True,True,True,True,True,True,True,True,True,True,True,True,True,True,True,True,True,True,False,True,True,True,True,True,True
131,"武僧 龍騎士 吟遊詩人 黑魔道士 召喚士 忍者 機工士 武士 赤魔道士 舞者 奪魂者 毒蛇劍士 繪靈法師",False,False,False,False,False,False,False,False,False,False,False,False,False,False,False,False,False,False,False,False,True,False,True,True,False,True,False,True,False,False,True,True,False,False,True,True,False,False,True,True,False,True,True
132,"武僧 龍騎士 吟遊詩人 白魔道士 黑魔道士 召喚士 學者 忍者 機工士 占星術師 武士 赤魔道士 舞者 奪魂者 賢者 毒蛇劍士 繪靈法師",False,False,False,False,False,False,False,False,False,False,False,False,False,False,False,False,False,False,False,False,True,False,True,True,True,True,False,True,True,False,True,True,False,True,True,True,False,False,True,True,True,True,True
133,"白魔道士 學者 占星術師 賢者",False,False,False,False,False,False,False,False,False,False,False,False,False,False,False,False,False,False,False,False,False,False,False,False,True,False,False,False,True,False,False,False,False,True,False,False,False,False,False,False,True,False,False
134,"騎士 戰士 暗黑騎士 絕槍戰士",False,False,False,False,False,False,False,False,False,False,False,False,False,False,False,False,False,False,False,True,False,True,False,False,False,False,False,False,False,False,False,False,True,False,False,False,False,True,False,False,False,False,False
135,"騎士 武僧 戰士 龍騎士 吟遊詩人 黑魔道士 召喚士 忍者 機工士 暗黑騎士 武士 赤魔道士 絕槍戰士 舞者 奪魂者 毒蛇劍士 繪靈法師",False,False,False,False,False,False,False,False,False,False,False,False,False,False,False,False,False,False,False,True,True,True,True,True,False,True,False,True,False,False,True,True,True,False,True,True,False,True,True,True,False,True,True
136,"騎士 戰士 白魔道士 學者 暗黑騎士 占星術師 絕槍戰士 賢者",False,False,False,False,False,False,False,False,False,False,False,False,False,False,False,False,False,False,False,True,False,True,False,False,True,False,False,False,True,False,False,False,True,True,False,False,False,True,False,False,True,False,False
137,"騎士 武僧 戰士 龍騎士 吟遊詩人 白魔道士 黑魔道士 召喚士 學者 忍者 機工士 暗黑騎士 占星術師 武士 赤魔道士 絕槍戰士 舞者 奪魂者 賢者 毒蛇劍士 繪靈法師",False,False,False,False,False,False,False,False,False,False,False,False,False,False,False,False,False,False,False,True,True,True,True,True,True,True,False,True,True,False,True,True,True,True,True,True,False,True,True,True,True,True,True
138,"騎士 武僧 戰士 龍騎士 忍者 暗黑騎士 武士 絕槍戰士 奪魂者 毒蛇劍士",False,False,False,False,False,False,False,False,False,False,False,False,False,False,False,False,False,False,False,True,True,True,True,False,False,False,False,False,False,False,True,False,True,False,True,False,False,True,False,True,False,True,False
139,"吟遊詩人 機工士 舞者",False,False,False,False,False,False,False,False,False,False,False,False,False,False,False,False,False,False,False,False,False,False,False,True,False,False,False,False,False,False,False,True,False,False,False,False,False,False,True,False,False,False,False
140,"白魔道士 黑魔道士 召喚士 學者 占星術師 赤魔道士 賢者 繪靈法師",False,False,False,False,False,False,False,False,False,False,False,False,False,False,False,False,False,False,False,False,False,False,False,False,True,True,False,True,True,False,False,False,False,True,False,True,False,False,False,False,True,False,True
141,"騎士 武僧 戰士 龍騎士 吟遊詩人 白魔道士 黑魔道士 召喚士 學者 機工士 暗黑騎士 占星術師 武士 赤魔道士 絕槍戰士 舞者 奪魂者 賢者 毒蛇劍士 繪靈法師",False,False,False,False,False,False,False,False,False,False,False,False,False,False,False,False,False,False,False,True,True,True,True,True,True,True,False,True,True,False,False,True,True,True,True,True,False,True,True,True,True,True,True
142,"戰鬥精英和魔法導師（除設限特職）",False,True,True,True,True,True,True,True,False,False,False,False,False,False,False,False,False,False,False,True,True,True,True,True,True,True,True,True,True,True,True,True,True,True,True,True,False,True,True,True,True,True,True
143,"戰鬥精英（除設限特職）",False,True,True,True,True,True,False,False,False,False,False,False,False,False,False,False,False,False,False,True,True,True,True,True,False,False,False,False,False,True,True,True,True,False,True,False,False,True,True,True,False,True,False
144,"魔法導師（除設限特職）",False,False,False,False,False,False,True,True,False,False,False,False,False,False,False,False,False,False,False,False,False,False,False,False,True,True,True,True,True,False,False,False,False,True,False,True,False,False,False,False,True,False,True
145,"騎士 武僧 戰士 龍騎士 吟遊詩人 忍者 機工士 暗黑騎士 武士 絕槍戰士 舞者 奪魂者 毒蛇劍士",False,False,False,False,False,False,False,False,False,False,False,False,False,False,False,False,False,False,False,True,True,True,True,True,False,False,False,False,False,False,True,True,True,False,True,False,False,True,True,True,False,True,False
146,"戰鬥精英 魔法導師 特職專用（除設限特職）",False,False,False,False,False,False,False,False,False,False,False,False,False,False,False,False,False,False,False,True,True,True,True,True,True,True,False,True,True,False,True,True,True,True,True,True,False,True,True,True,True,True,True
147,"黑魔道士 召喚士 赤魔道士 繪靈法師",False,False,False,False,False,False,False,False,False,False,False,False,False,False,False,False,False,False,False,False,False,False,False,False,False,True,False,True,False,False,False,False,False,False,False,True,False,False,False,False,False,False,True
148,"武僧 龍騎士 忍者 武士 奪魂者 毒蛇劍士",False,False,False,False,False,False,False,False,False,False,False,False,False,False,False,False,False,False,False,False,True,False,True,False,False,False,False,False,False,False,True,False,False,False,True,False,False,False,False,True,False,True,False
149,"絕槍戰士",False,False,False,False,False,False,False,False,False,False,False,False,False,False,False,False,False,False,False,False,False,False,False,False,False,False,False,False,False,False,False,False,False,False,False,False,False,True,False,False,False,False,False
150,"舞者",False,False,False,False,False,False,False,False,False,False,False,False,False,False,False,False,False,False,False,False,False,False,False,False,False,False,False,False,False,False,False,False,False,False,False,False,False,False,True,False,False,False,False
151,"鍛造師、甲冑師、金工師",False,False,False,False,False,False,False,False,False,True,True,True,False,False,False,False,False,False,False,False,False,False,False,False,False,False,False,False,False,False,False,False,False,False,False,False,False,False,False,False,False,False,False
152,"木工師、皮革師、裁縫師",False,False,False,False,False,False,False,False,True,False,False,False,True,True,False,False,False,False,False,False,False,False,False,False,False,False,False,False,False,False,False,False,False,False,False,False,False,False,False,False,False,False,False
153,"鍊金術師、烹調師",False,False,False,False,False,False,False,False,False,False,False,False,False,False,True,True,False,False,False,False,False,False,False,False,False,False,False,False,False,False,False,False,False,False,False,False,False,False,False,False,False,False,False
154,"採掘師、園藝師",False,False,False,False,False,False,False,False,False,False,False,False,False,False,False,False,True,True,False,False,False,False,False,False,False,False,False,False,False,False,False,False,False,False,False,False,False,False,False,False,False,False,False
155,"漁師",False,False,False,False,False,False,False,False,False,False,False,False,False,False,False,False,False,False,True,False,False,False,False,False,False,False,False,False,False,False,False,False,False,False,False,False,False,False,False,False,False,False,False
156,"防護職業（設限特職除外）",False,False,False,False,False,False,False,False,False,False,False,False,False,False,False,False,False,False,False,True,False,True,False,False,False,False,False,False,False,False,False,False,True,False,False,False,False,True,False,False,False,False,False
157,"治療職業（設限特職除外）",False,False,False,False,False,False,False,False,False,False,False,False,False,False,False,False,False,False,False,False,False,False,False,False,True,False,False,False,True,False,False,False,False,True,False,False,False,False,False,False,True,False,False
158,"物理進攻職業（設限特職除外）",False,False,False,False,False,False,False,False,False,False,False,False,False,False,False,False,False,False,False,False,True,False,True,True,False,False,False,False,False,False,True,True,False,False,True,False,False,False,True,True,False,True,False
159,"魔法進攻職業（設限特職除外）",False,False,False,False,False,False,False,False,False,False,False,False,False,False,False,False,False,False,False,False,False,False,False,False,False,True,False,True,False,False,False,False,False,False,False,True,False,False,False,False,False,False,True
160,"巴術士 學者",False,False,False,False,False,False,False,False,False,False,False,False,False,False,False,False,False,False,False,False,False,False,False,False,False,False,True,False,True,False,False,False,False,False,False,False,False,False,False,False,False,False,False
161,"劍術士 格鬥士 斧術士 槍術士 弓術士 騎士 武僧 戰士 龍騎士 吟遊詩人 雙劍士 忍者 機工士 暗黑騎士 武士 絕槍戰士 舞者 奪魂者 毒蛇劍士",False,True,True,True,True,True,False,False,False,False,False,False,False,False,False,False,False,False,False,True,True,True,True,True,False,False,False,False,False,True,True,True,True,False,True,False,False,True,True,True,False,True,False
162,"騎士 武僧 戰士 龍騎士 吟遊詩人 白魔道士 黑魔道士 召喚士 學者 
忍者 機工士 暗黑騎士 占星術師 武士 赤魔道士 絕槍戰士 舞者",False,False,False,False,False,False,False,False,False,False,False,False,False,False,False,False,False,False,False,True,True,True,True,True,True,True,False,True,True,False,True,True,True,True,True,True,False,True,True,False,False,False,False
163,"武僧 龍騎士 吟遊詩人 黑魔道士 召喚士 忍者 機工士 武士 赤魔道士 舞者 奪魂者 毒蛇劍士 繪靈法師",False,False,False,False,False,False,False,False,False,False,False,False,False,False,False,False,False,False,False,False,True,False,True,True,False,True,False,True,False,False,True,True,False,False,True,True,False,False,True,True,False,True,True
164,"武僧 龍騎士 吟遊詩人 白魔道士 黑魔道士 召喚士 學者 忍者 機工士 占星術師 武士 赤魔道士 舞者 奪魂者 賢者 毒蛇劍士 繪靈法師",False,False,False,False,False,False,False,False,False,False,False,False,False,False,False,False,False,False,False,False,True,False,True,True,True,True,False,True,True,False,True,True,False,True,True,True,False,False,True,True,True,True,True
165,"白魔道士 學者 占星術師 賢者",False,False,False,False,False,False,False,False,False,False,False,False,False,False,False,False,False,False,False,False,False,False,False,False,True,False,False,False,True,False,False,False,False,True,False,False,False,False,False,False,True,False,False
166,"騎士 戰士 暗黑騎士 絕槍戰士",False,False,False,False,False,False,False,False,False,False,False,False,False,False,False,False,False,False,False,True,False,True,False,False,False,False,False,False,False,False,False,False,True,False,False,False,False,True,False,False,False,False,False
167,"騎士 武僧 戰士 龍騎士 吟遊詩人 黑魔道士 召喚士 忍者 機工士 暗黑騎士 武士 赤魔道士 絕槍戰士 舞者 奪魂者 毒蛇劍士 繪靈法師",False,False,False,False,False,False,False,False,False,False,False,False,False,False,False,False,False,False,False,True,True,True,True,True,False,True,False,True,False,False,True,True,True,False,True,True,False,True,True,True,False,True,True
168,"騎士 戰士 白魔道士 學者 暗黑騎士 占星術師 絕槍戰士 賢者",False,False,False,False,False,False,False,False,False,False,False,False,False,False,False,False,False,False,False,True,False,True,False,False,True,False,False,False,True,False,False,False,True,True,False,False,False,True,False,False,True,False,False
169,"騎士 武僧 戰士 龍騎士 吟遊詩人 白魔道士 黑魔道士 召喚士 學者 忍者 機工士 暗黑騎士 占星術師 武士 赤魔道士 絕槍戰士 舞者 奪魂者 賢者 毒蛇劍士 繪靈法師",False,False,False,False,False,False,False,False,False,False,False,False,False,False,False,False,False,False,False,True,True,True,True,True,True,True,False,True,True,False,True,True,True,True,True,True,False,True,True,True,True,True,True
170,"騎士 武僧 戰士 龍騎士 忍者 暗黑騎士 武士 絕槍戰士 奪魂者 毒蛇劍士",False,False,False,False,False,False,False,False,False,False,False,False,False,False,False,False,False,False,False,True,True,True,True,False,False,False,False,False,False,False,True,False,True,False,True,False,False,True,False,True,False,True,False
171,"吟遊詩人 機工士 舞者",False,False,False,False,False,False,False,False,False,False,False,False,False,False,False,False,False,False,False,False,False,False,False,True,False,False,False,False,False,False,False,True,False,False,False,False,False,False,True,False,False,False,False
172,"白魔道士 黑魔道士 召喚士 學者 占星術師 赤魔道士 賢者 繪靈法師",False,False,False,False,False,False,False,False,False,False,False,False,False,False,False,False,False,False,False,False,False,False,False,False,True,True,False,True,True,False,False,False,False,True,False,True,False,False,False,False,True,False,True
173,"騎士 武僧 戰士 龍騎士 吟遊詩人 白魔道士 黑魔道士 召喚士 學者 機工士 暗黑騎士 占星術師 武士 赤魔道士 絕槍戰士 舞者 奪魂者 賢者 毒蛇劍士 繪靈法師",False,False,False,False,False,False,False,False,False,False,False,False,False,False,False,False,False,False,False,True,True,True,True,True,True,True,False,True,True,False,False,True,True,True,True,True,False,True,True,True,True,True,True
174,"騎士 武僧 戰士 龍騎士 吟遊詩人 忍者 機工士 暗黑騎士 武士 絕槍戰士 舞者 奪魂者 毒蛇劍士",False,False,False,False,False,False,False,False,False,False,False,False,False,False,False,False,False,False,False,True,True,True,True,True,False,False,False,False,False,False,True,True,True,False,True,False,False,True,True,True,False,True,False
175,"黑魔道士 召喚士 赤魔道士 繪靈法師",False,False,False,False,False,False,False,False,False,False,False,False,False,False,False,False,False,False,False,False,False,False,False,False,False,True,False,True,False,False,False,False,False,False,False,True,False,False,False,False,False,False,True
176,"武僧 龍騎士 忍者 武士 奪魂者 毒蛇劍士",False,False,False,False,False,False,False,False,False,False,False,False,False,False,False,False,False,False,False,False,True,False,True,False,False,False,False,False,False,False,True,False,False,False,True,False,False,False,False,True,False,True,False
177,"武僧 龍騎士 吟遊詩人 忍者 機工士 武士 舞者 奪魂者 毒蛇劍士",False,False,False,False,False,False,False,False,False,False,False,False,False,False,False,False,False,False,False,False,True,False,True,True,False,False,False,False,False,False,True,True,False,False,True,False,False,False,True,True,False,True,False
178,"騎士 戰士 黑魔道士 召喚士 暗黑騎士 赤魔道士 絕槍戰士 繪靈法師",False,False,False,False,False,False,False,False,False,False,False,False,False,False,False,False,False,False,False,True,False,True,False,False,False,True,False,True,False,False,False,False,True,False,False,True,False,True,False,False,False,False,True
179,"白魔道士 召喚士 學者 占星術師 赤魔道士 賢者 繪靈法師",False,False,False,False,False,False,False,False,False,False,False,False,False,False,False,False,False,False,False,False,False,False,False,False,True,False,False,True,True,False,False,False,False,True,False,True,False,False,False,False,True,False,True
180,"奪魂者",False,False,False,False,False,False,False,False,False,False,False,False,False,False,False,False,False,False,False,False,False,False,False,False,False,False,False,False,False,False,False,False,False,False,False,False,False,False,False,True,False,False,False
181,"賢者",False,False,False,False,False,False,False,False,False,False,False,False,False,False,False,False,False,False,False,False,False,False,False,False,False,False,False,False,False,False,False,False,False,False,False,False,False,False,False,False,True,False,False
182,"",False,True,False,True,False,False,False,False,False,False,False,False,False,False,False,False,False,False,False,True,False,True,False,False,False,False,False,False,False,False,False,False,True,False,False,False,False,True,False,False,False,False,False
183,"",False,False,False,False,False,False,True,False,False,False,False,False,False,False,False,False,False,False,False,False,False,False,False,False,True,False,False,False,True,False,False,False,False,True,False,False,False,False,False,False,True,False,False
184,"",False,False,True,False,True,True,False,False,False,False,False,False,False,False,False,False,False,False,False,False,True,False,True,True,False,False,False,False,False,True,True,True,False,False,True,False,False,False,True,True,False,True,False
185,"",False,False,False,False,False,False,False,True,False,False,False,False,False,False,False,False,False,False,False,False,False,False,False,False,False,True,True,True,False,False,False,False,False,False,False,True,False,False,False,False,False,False,True
186,"防護職業（設限特職除外）",False,False,False,False,False,False,False,False,False,False,False,False,False,False,False,False,False,False,False,True,False,True,False,False,False,False,False,False,False,False,False,False,True,False,False,False,False,True,False,False,False,False,False
187,"治療職業（設限特職除外）",False,False,False,False,False,False,False,False,False,False,False,False,False,False,False,False,False,False,False,False,False,False,False,False,True,False,False,False,True,False,False,False,False,True,False,False,False,False,False,False,True,False,False
188,"近戰職業（設限特職除外）",False,False,False,False,False,False,False,False,False,False,False,False,False,False,False,False,False,False,False,False,True,False,True,False,False,False,False,False,False,False,True,False,False,False,True,False,False,False,False,True,False,True,False
189,"遠程物理進攻職業（設限特職除外）",False,False,False,False,False,False,False,False,False,False,False,False,False,False,False,False,False,False,False,False,False,False,False,True,False,False,False,False,False,False,False,True,False,False,False,False,False,False,True,False,False,False,False
190,"遠程魔法進攻職業（設限特職除外）",False,False,False,False,False,False,False,False,False,False,False,False,False,False,False,False,False,False,False,False,False,False,False,False,False,True,False,True,False,False,False,False,False,False,False,True,False,False,False,False,False,False,True
191,"騎士 武僧 戰士 龍騎士 吟遊詩人 白魔道士 黑魔道士 召喚士 學者 忍者 機工士 暗黑騎士 占星術師 武士 赤魔道士 絕槍戰士 舞者 奪魂者 賢者",False,False,False,False,False,False,False,False,False,False,False,False,False,False,False,False,False,False,False,True,True,True,True,True,True,True,False,True,True,False,True,True,True,True,True,True,False,True,True,True,True,False,False
192,"戰鬥精英和魔法導師（除設限特職）",False,True,True,True,True,True,True,True,False,False,False,False,False,False,False,False,False,False,False,True,True,True,True,True,True,True,True,True,True,True,True,True,True,True,True,True,False,True,True,True,True,True,True
193,"格鬥士 槍術士 弓術士 雙劍士 幻術士 咒術士 巴術士 武僧 龍騎士 吟遊詩人 白魔道士 黑魔道士 召喚士 學者 忍者 機工士 占星術師 武士 赤魔道士 舞者 奪魂者 賢者 毒蛇劍士 繪靈法師",False,False,True,False,True,True,True,True,False,False,False,False,False,False,False,False,False,False,False,False,True,False,True,True,True,True,True,True,True,True,True,True,False,True,True,True,False,False,True,True,True,True,True
194,"劍術士 斧術士 幻術士 騎士 戰士 白魔道士 學者 暗黑騎士 占星術師 絕槍戰士 賢者",False,True,False,True,False,False,True,False,False,False,False,False,False,False,False,False,False,False,False,True,False,True,False,False,True,False,False,False,True,False,False,False,True,True,False,False,False,True,False,False,True,False,False
195,"劍術士 格鬥士 斧術士 槍術士 弓術士 雙劍士 咒術士 巴術士 騎士 武僧 戰士 龍騎士 吟遊詩人 黑魔道士 召喚士 忍者 機工士 暗黑騎士 武士 赤魔道士 絕槍戰士 舞者 奪魂者 毒蛇劍士 繪靈法師",False,True,True,True,True,True,False,True,False,False,False,False,False,False,False,False,False,False,False,True,True,True,True,True,False,True,True,True,False,True,True,True,True,False,True,True,False,True,True,True,False,True,True
196,"毒蛇劍士",False,False,False,False,False,False,False,False,False,False,False,False,False,False,False,False,False,False,False,False,False,False,False,False,False,False,False,False,False,False,False,False,False,False,False,False,False,False,False,False,False,True,False
197,"繪靈法師",False,False,False,False,False,False,False,False,False,False,False,False,False,False,False,False,False,False,False,False,False,False,False,False,False,False,False,False,False,False,False,False,False,False,False,False,False,False,False,False,False,False,True
198,"咒術士 黑魔道士 巴術士 召喚士 赤魔道士 繪靈法師",False,False,False,False,False,False,False,True,False,False,False,False,False,False,False,False,False,False,False,False,False,False,False,False,False,True,True,True,False,False,False,False,False,False,False,True,False,False,False,False,False,False,True
199,"幻術士 咒術士 白魔道士 黑魔道士 巴術士 召喚士 學者 占星術師 赤魔道士 賢者 繪靈法師",False,False,False,False,False,False,True,True,False,False,False,False,False,False,False,False,False,False,False,False,False,False,False,False,True,True,True,True,True,False,False,False,False,True,False,True,False,False,False,False,True,False,True
200,"",False,False,False,False,False,False,False,False,False,False,False,False,False,False,False,False,False,False,False,False,False,False,False,False,False,False,False,False,False,False,False,False,False,False,False,False,False,False,False,False,False,False,False
201,"",False,False,False,False,False,False,False,False,False,False,False,False,False,False,False,False,False,False,False,False,False,False,False,False,False,False,False,False,False,False,False,False,False,False,False,False,False,False,False,False,False,False,False
