key,0,1,2,3,4,5,6,7
#,Name,Icon,Quest,AcceptTalk,FailTalk,,,
int32,str,Image,Quest,DefaultTalk,DefaultTalk,bit&01,uint16,uint16
262144,"",0,0,0,0,False,0,0
262145,"",0,0,0,0,False,0,0
262151,"購買道具",0,0,0,0,True,0,0
262152,"",0,0,0,0,False,0,0
262153,"",0,0,0,0,False,0,0
262154,"",0,0,0,0,False,0,0
262155,"",0,0,0,0,False,0,0
262156,"",0,0,0,0,False,0,0
262157,"",0,0,0,0,True,0,0
262158,"購買道具",0,0,0,0,True,0,0
262159,"",0,0,0,0,False,0,0
262160,"",0,0,0,0,False,0,0
262161,"",0,0,0,0,False,0,0
262162,"",0,0,0,0,False,0,0
262163,"",0,0,0,0,False,0,0
262164,"購買道具",0,0,0,0,True,0,0
262165,"",0,0,0,0,False,0,0
262166,"",0,0,0,0,False,0,0
262167,"",0,0,0,0,False,0,0
262168,"",0,0,0,0,False,0,0
262169,"",0,0,0,0,False,0,0
262170,"",0,0,0,0,True,0,0
262171,"",0,0,0,0,True,0,0
262172,"",0,0,0,0,True,0,0
262173,"",0,0,0,0,True,0,0
262174,"",0,0,0,0,True,0,0
262175,"",0,0,0,0,True,0,0
262176,"",0,0,0,0,True,0,0
262177,"",0,0,0,0,True,0,0
262178,"",0,0,0,0,False,0,0
262179,"",0,0,0,0,False,0,0
262180,"",0,0,0,0,True,0,0
262181,"購買道具",0,0,0,0,True,0,0
262182,"",0,0,0,0,True,0,0
262183,"",0,0,0,0,False,0,0
262184,"",0,0,0,0,False,0,0
262185,"",0,0,0,0,True,0,0
262186,"",0,0,0,0,False,0,0
262187,"",0,0,0,0,False,0,0
262188,"",0,0,0,0,False,0,0
262189,"",0,0,0,0,False,0,0
262190,"",0,0,0,0,True,0,0
262191,"購買道具",0,0,0,0,True,0,0
262192,"",0,0,0,0,True,0,0
262193,"",0,0,0,0,False,0,0
262194,"",0,0,0,0,False,0,0
262195,"",0,0,0,0,False,0,0
262196,"",0,0,0,0,False,0,0
262197,"",0,0,0,0,True,0,0
262198,"",0,0,0,0,False,0,0
262199,"",0,0,0,0,False,0,0
262200,"",0,0,0,0,True,0,0
262201,"購買道具",0,0,0,0,True,0,0
262202,"",0,0,0,0,True,0,0
262203,"",0,0,0,0,False,0,0
262204,"",0,0,0,0,False,0,0
262205,"",0,0,0,0,False,0,0
262206,"",0,0,0,0,False,0,0
262207,"",0,0,0,0,True,0,0
262208,"",0,0,0,0,True,0,0
262209,"購買武器",0,0,0,0,True,0,0
262210,"",0,0,0,0,True,0,0
262211,"",0,0,0,0,True,0,0
262212,"購買能工巧匠及大地使者飾品",0,0,0,0,True,0,0
262213,"購買戰鬥防具",0,0,0,0,True,0,0
262214,"購買能工巧匠及大地使者防具",0,0,0,0,True,0,0
262215,"購買武器",0,0,0,0,True,0,0
262216,"購買工具",0,0,0,0,True,0,0
262217,"購買武器",0,0,0,0,True,0,0
262218,"購買戰鬥防具",0,0,0,0,True,0,0
262219,"購買能工巧匠及大地使者防具",0,0,0,0,True,0,0
262221,"購買工具",0,0,0,0,True,0,0
262222,"購買武器",0,0,0,0,True,0,0
262223,"購買戰鬥防具",0,0,0,0,True,0,0
262224,"購買能工巧匠及大地使者防具",0,0,0,0,True,0,0
262225,"購買工具",0,0,0,0,True,0,0
262226,"購買武器",0,0,0,0,True,0,0
262227,"購買戰鬥防具",0,0,0,0,True,0,0
262228,"購買能工巧匠及大地使者防具",0,0,0,0,True,0,0
262229,"購買工具",0,0,0,0,True,0,0
262230,"購買武器",0,0,0,0,True,0,0
262231,"購買戰鬥防具",0,0,0,0,True,0,0
262232,"購買能工巧匠及大地使者防具",0,0,0,0,True,0,0
262233,"購買工具",0,0,0,0,True,0,0
262234,"購買武器",0,0,0,0,True,0,0
262235,"購買戰鬥防具",0,0,0,0,True,0,0
262236,"購買能工巧匠及大地使者防具",0,0,0,0,True,0,0
262237,"購買工具",0,0,0,0,True,0,0
262238,"購買武器",0,0,0,0,True,0,0
262239,"購買戰鬥防具",0,0,0,0,True,0,0
262240,"購買能工巧匠及大地使者防具",0,0,0,0,True,0,0
262241,"購買工具",0,0,0,0,True,0,0
262242,"購買武器",0,0,0,0,True,0,0
262243,"購買戰鬥防具",0,0,0,0,True,0,0
262244,"購買能工巧匠及大地使者防具",0,0,0,0,True,0,0
262245,"購買工具",0,0,0,0,True,0,0
262246,"購買武器",0,0,0,0,True,0,0
262247,"購買戰鬥防具",0,0,0,0,True,0,0
262248,"購買能工巧匠及大地使者防具",0,0,0,0,True,0,0
262249,"購買工具",0,0,0,0,True,0,0
262250,"購買武器",0,0,0,0,True,0,0
262251,"購買戰鬥防具",0,0,0,0,True,0,0
262252,"購買能工巧匠及大地使者防具",0,0,0,0,True,0,0
262253,"購買工具",0,0,0,0,True,0,0
262254,"購買武器",0,0,0,0,True,0,0
262255,"購買戰鬥防具",0,0,0,0,True,0,0
262256,"購買能工巧匠及大地使者防具",0,0,0,0,True,0,0
262257,"",0,0,0,0,True,0,0
262258,"購買工具",0,0,0,0,True,0,0
262259,"購買武器",0,0,0,0,True,0,0
262260,"購買戰鬥防具",0,0,0,0,True,0,0
262261,"購買能工巧匠及大地使者防具",0,0,0,0,True,0,0
262262,"購買工具",0,0,0,0,True,0,0
262263,"購買武器",0,0,0,0,True,0,0
262264,"購買戰鬥防具",0,0,0,0,True,0,0
262265,"購買能工巧匠及大地使者防具",0,0,0,0,True,0,0
262266,"購買工具",0,0,0,0,True,0,0
262267,"購買武器",0,0,0,0,True,0,0
262268,"購買戰鬥防具",0,0,0,0,True,0,0
262269,"購買能工巧匠及大地使者防具",0,0,0,0,True,0,0
262270,"購買武器",0,0,0,0,True,0,0
262271,"購買工具",0,0,0,0,True,0,0
262272,"購買戰鬥防具",0,0,0,0,True,0,0
262273,"購買能工巧匠及大地使者防具",0,0,0,0,True,0,0
262274,"購買工具",0,0,0,0,True,0,0
262275,"購買武器",0,0,0,0,True,0,0
262276,"購買戰鬥防具",0,0,0,0,True,0,0
262277,"購買能工巧匠及大地使者防具",0,0,0,0,True,0,0
262278,"購買武器",0,0,0,0,True,0,0
262279,"購買工具",0,0,0,0,True,0,0
262280,"購買戰鬥防具",0,0,0,0,True,0,0
262281,"購買能工巧匠及大地使者防具",0,0,0,0,True,0,0
262282,"購買工具",0,0,0,0,True,0,0
262283,"購買武器",0,0,0,0,True,0,0
262284,"購買戰鬥防具",0,0,0,0,True,0,0
262285,"購買能工巧匠及大地使者防具",0,0,0,0,True,0,0
262286,"購買武器",0,0,0,0,True,0,0
262287,"購買工具",0,0,0,0,True,0,0
262288,"購買戰鬥防具",0,0,0,0,True,0,0
262289,"購買能工巧匠及大地使者防具",0,0,0,0,True,0,0
262290,"購買工具",0,0,0,0,True,0,0
262291,"購買武器",0,0,0,0,True,0,0
262292,"購買戰鬥防具",0,0,0,0,True,0,0
262293,"購買能工巧匠及大地使者防具",0,0,0,0,True,0,0
262294,"購買工具",0,0,0,0,True,0,0
262295,"購買武器",0,0,0,0,True,0,0
262296,"購買戰鬥防具",0,0,0,0,True,0,0
262297,"購買能工巧匠及大地使者防具",0,0,0,0,True,0,0
262298,"購買工具",0,0,0,0,True,0,0
262299,"購買武器",0,0,0,0,True,0,0
262300,"購買戰鬥防具",0,0,0,0,True,0,0
262301,"購買能工巧匠及大地使者防具",0,0,0,0,True,0,0
262302,"購買工具",0,0,0,0,True,0,0
262303,"購買武器",0,0,0,0,True,0,0
262304,"購買戰鬥防具",0,0,0,0,True,0,0
262305,"購買能工巧匠及大地使者防具",0,0,0,0,True,0,0
262306,"購買工具",0,0,0,0,True,0,0
262307,"購買武器",0,0,0,0,True,0,0
262308,"購買戰鬥防具",0,0,0,0,True,0,0
262309,"購買能工巧匠及大地使者防具",0,0,0,0,True,0,0
262310,"購買工具",0,0,0,0,True,0,0
262311,"購買武器",0,0,0,0,True,0,0
262312,"購買戰鬥防具",0,0,0,0,True,0,0
262313,"購買能工巧匠及大地使者防具",0,0,0,0,True,0,0
262314,"購買工具",0,0,0,0,True,0,0
262315,"購買武器",0,0,0,0,True,0,0
262316,"購買戰鬥防具",0,0,0,0,True,0,0
262317,"購買能工巧匠及大地使者防具",0,0,0,0,True,0,0
262318,"購買工具",0,0,0,0,True,0,0
262319,"購買武器",0,0,0,0,True,0,0
262320,"購買戰鬥防具",0,0,0,0,True,0,0
262321,"購買能工巧匠及大地使者防具",0,0,0,0,True,0,0
262322,"購買工具",0,0,0,0,True,0,0
262323,"購買武器",0,0,0,0,True,0,0
262324,"購買戰鬥防具",0,0,0,0,True,0,0
262325,"購買能工巧匠及大地使者防具",0,0,0,0,True,0,0
262326,"購買工具",0,0,0,0,True,0,0
262327,"購買武器",0,0,0,0,True,0,0
262328,"購買戰鬥防具",0,0,0,0,True,0,0
262329,"購買能工巧匠及大地使者防具",0,0,0,0,True,0,0
262330,"購買工具",0,0,0,0,True,0,0
262331,"購買武器",0,0,0,0,True,0,0
262332,"購買戰鬥防具",0,0,0,0,True,0,0
262333,"購買能工巧匠及大地使者防具",0,0,0,0,True,0,0
262334,"購買工具",0,0,0,0,True,0,0
262335,"購買武器",0,0,0,0,True,0,0
262336,"購買戰鬥防具",0,0,0,0,True,0,0
262337,"購買能工巧匠及大地使者防具",0,0,0,0,True,0,0
262338,"購買工具",0,0,0,0,True,0,0
262339,"購買武器",0,0,0,0,True,0,0
262340,"購買戰鬥防具",0,0,0,0,True,0,0
262341,"購買能工巧匠及大地使者防具",0,0,0,0,True,0,0
262342,"購買工具",0,0,0,0,True,0,0
262343,"購買武器",0,0,0,0,True,0,0
262344,"購買戰鬥防具",0,0,0,0,True,0,0
262345,"購買能工巧匠及大地使者防具",0,0,0,0,True,0,0
262346,"購買武器",0,0,0,0,True,0,0
262347,"購買工具",0,0,0,0,True,0,0
262348,"購買戰鬥防具",0,0,0,0,True,0,0
262349,"購買能工巧匠及大地使者防具",0,0,0,0,True,0,0
262350,"",0,0,0,0,True,0,0
262351,"購買工具",0,0,0,0,True,0,0
262352,"購買武器",0,0,0,0,True,0,0
262353,"購買戰鬥防具",0,0,0,0,True,0,0
262354,"購買能工巧匠及大地使者防具",0,0,0,0,True,0,0
262355,"購買工具",0,0,0,0,True,0,0
262356,"購買武器",0,0,0,0,True,0,0
262357,"購買戰鬥防具",0,0,0,0,True,0,0
262358,"購買能工巧匠及大地使者防具",0,0,0,0,True,0,0
262359,"購買工具",0,0,0,0,True,0,0
262360,"購買武器",0,0,0,0,True,0,0
262361,"購買戰鬥防具",0,0,0,0,True,0,0
262362,"購買能工巧匠及大地使者防具",0,0,0,0,True,0,0
262363,"購買工具",0,0,0,0,True,0,0
262364,"購買武器",0,0,0,0,True,0,0
262365,"購買戰鬥防具",0,0,0,0,True,0,0
262366,"購買能工巧匠及大地使者防具",0,0,0,0,True,0,0
262367,"購買工具",0,0,0,0,True,0,0
262368,"購買武器",0,0,0,0,True,0,0
262369,"購買戰鬥防具",0,0,0,0,True,0,0
262370,"購買能工巧匠及大地使者防具",0,0,0,0,True,0,0
262371,"購買工具",0,0,0,0,True,0,0
262372,"購買工具",0,0,0,0,True,0,0
262373,"購買武器",0,0,0,0,True,0,0
262374,"購買戰鬥防具",0,0,0,0,True,0,0
262375,"購買能工巧匠及大地使者防具",0,0,0,0,True,0,0
262376,"",0,0,0,0,True,0,0
262377,"",0,0,0,0,True,0,0
262378,"購買工具",0,0,0,0,True,0,0
262379,"購買武器",0,0,0,0,True,0,0
262380,"購買戰鬥防具",0,0,0,0,True,0,0
262381,"購買能工巧匠及大地使者防具",0,0,0,0,True,0,0
262382,"購買工具",0,0,0,0,True,0,0
262383,"購買武器",0,0,0,0,True,0,0
262384,"購買戰鬥防具",0,0,0,0,True,0,0
262385,"購買能工巧匠及大地使者防具",0,0,0,0,True,0,0
262386,"購買工具",0,0,0,0,True,0,0
262387,"購買武器",0,0,0,0,True,0,0
262388,"購買戰鬥防具",0,0,0,0,True,0,0
262389,"購買能工巧匠及大地使者防具",0,0,0,0,True,0,0
262390,"購買工具",0,0,0,0,True,0,0
262391,"購買工具",0,0,0,0,True,0,0
262392,"購買工具",0,0,0,0,True,0,0
262393,"購買武器",0,0,0,0,True,0,0
262394,"購買戰鬥防具",0,0,0,0,True,0,0
262395,"購買能工巧匠及大地使者防具",0,0,0,0,True,0,0
262396,"購買工具",0,0,0,0,True,0,0
262397,"購買武器",0,0,0,0,True,0,0
262398,"購買戰鬥防具",0,0,0,0,True,0,0
262399,"購買能工巧匠及大地使者防具",0,0,0,0,True,0,0
262400,"購買工具",0,0,0,0,True,0,0
262401,"購買武器",0,0,0,0,True,0,0
262402,"購買戰鬥防具",0,0,0,0,True,0,0
262403,"購買能工巧匠及大地使者防具",0,0,0,0,True,0,0
262404,"",0,0,0,0,True,0,0
262405,"",0,0,0,0,True,0,0
262406,"",0,0,0,0,True,0,0
262407,"",0,0,0,0,True,0,0
262408,"購買武器",0,0,0,0,True,0,0
262409,"購買戰鬥防具",0,0,0,0,True,0,0
262410,"購買武器",0,0,0,0,True,0,0
262411,"購買戰鬥防具",0,0,0,0,True,0,0
262412,"購買武器",0,0,0,0,True,0,0
262413,"購買戰鬥防具",0,0,0,0,True,0,0
262414,"",0,0,0,0,True,13,0
262415,"",0,0,0,0,True,2,0
262419,"購買道具（室外建材、庭具、樂譜）",0,0,0,0,True,0,0
262420,"購買道具（室外建材、庭具、樂譜）",0,0,0,0,True,0,0
262421,"購買道具（室外建材、庭具、樂譜）",0,0,0,0,True,0,0
262422,"購買道具",0,0,0,0,True,0,0
262423,"",0,0,0,0,True,5,0
262424,"",0,0,0,0,True,8,0
262425,"",0,0,0,0,True,9,0
262426,"",0,0,0,0,False,0,0
262427,"",0,0,0,0,False,0,0
262428,"",0,0,0,0,False,0,0
262429,"",0,0,0,0,False,0,0
262430,"",0,0,0,0,False,0,0
262431,"",0,0,0,0,False,0,0
262432,"",0,0,0,0,False,0,0
262433,"",0,0,0,0,False,0,0
262434,"",0,0,0,0,True,0,0
262435,"",0,0,0,0,True,0,0
262436,"",0,0,0,0,True,0,0
262437,"",0,0,0,0,True,0,0
262438,"",0,0,0,0,True,0,0
262439,"",0,0,0,0,True,0,0
262440,"",0,0,0,0,True,0,0
262441,"",0,0,0,0,True,0,0
262442,"",0,0,0,0,True,0,0
262443,"再次購買50級防具（購買戰鬥精英）",0,0,0,0,True,0,0
262444,"再次購買50級防具（購買魔法導師）",0,0,0,0,True,0,0
262445,"再次購買50級武器、購買工具",0,0,0,0,True,0,0
262446,"再次購買任務報酬1",0,0,0,0,True,0,0
262449,"再次購買成就報酬1",0,0,0,0,True,0,0
262450,"再次購買成就報酬2",0,0,0,0,True,0,0
262451,"",0,0,0,0,False,0,0
262452,"",0,0,0,0,False,0,0
262453,"",0,0,0,0,False,0,0
262454,"",0,0,0,0,False,0,0
262455,"",0,0,0,0,False,0,0
262456,"",0,0,0,0,False,0,0
262457,"",0,0,0,0,False,0,0
262458,"",0,0,0,0,False,0,0
262459,"購買道具（武具投影相關）",0,66958,0,0,True,0,0
262460,"購買道具",0,0,0,0,True,10,0
262461,"購買道具（木材、金屬、石材、骨材、皮革）",60412,0,0,0,True,0,0
262462,"購買道具（布料、鍊金原料）",60412,0,0,0,True,0,0
262463,"購買道具（苗圃、染料）",60412,0,0,0,True,0,0
262464,"",0,0,0,0,True,0,0
262466,"",0,0,0,0,False,0,0
262468,"購買道具（男性）",0,0,0,0,True,11,0
262469,"購買道具（女性）",0,0,0,0,True,11,0
262470,"購買道具",0,0,0,0,True,11,0
262471,"購買道具（觸媒）",60412,0,0,0,True,0,0
262472,"購買道具（食材）",60412,0,0,0,True,0,0
262473,"",0,0,0,0,False,0,0
262474,"",0,0,0,0,False,0,0
262475,"",0,0,0,0,False,0,0
262476,"",0,0,0,0,False,0,0
262477,"",0,0,0,0,False,0,0
262478,"",0,0,0,0,False,0,0
262479,"",0,0,0,0,False,0,0
262480,"",0,0,0,0,False,0,0
262481,"",0,0,0,0,False,0,0
262482,"",0,0,0,0,False,0,0
262483,"",0,0,0,0,False,0,0
262484,"",0,0,0,0,False,0,0
262485,"",0,0,0,0,True,7,0
262486,"",0,0,0,0,True,0,0
262488,"購買其他防具",0,0,0,0,True,0,0
262489,"購買道具",0,0,0,0,True,16,0
262491,"購買競賽陸行鳥",0,0,0,592240,True,0,0
262492,"購買道具",0,0,0,0,True,0,0
262493,"購買道具",0,0,0,0,True,19,0
262494,"購買道具",0,0,0,0,True,0,0
262495,"購買道具",0,0,0,592222,True,20,0
262496,"購買道具",0,0,0,0,True,0,0
262497,"複製王者之劍·本我",0,291,0,0,True,0,0
262498,"複製諸神黃昏斧·本我",0,294,0,0,True,0,0
262499,"複製帝王拳套·本我",0,293,0,0,True,0,0
262500,"複製聖槍朗基努斯·本我",0,295,0,0,True,0,0
262501,"複製佐助之刀·本我",0,297,0,0,True,0,0
262502,"複製與一之弓·本我",0,296,0,0,True,0,0
262503,"複製莉莉絲魔杖·本我",0,299,0,0,True,0,0
262504,"複製啟示錄·本我",0,300,0,0,True,0,0
262505,"複製涅槃杖·本我",0,298,0,0,True,0,0
262506,"複製最後底牌·本我",0,301,0,0,True,0,0
262507,"複製聖盾艾癸斯·本我",0,292,0,0,True,0,0
262508,"",0,0,0,0,False,0,0
262509,"購買道具",0,0,0,0,True,0,0
262510,"",0,0,0,0,False,0,0
262511,"",0,0,0,0,False,0,0
262512,"",0,0,0,0,False,0,0
262513,"購買道具",0,0,0,0,True,0,0
262514,"",0,0,0,0,False,0,0
262515,"購買道具",0,0,0,0,True,0,0
262516,"購買道具",0,0,0,0,True,0,0
262517,"購買武器",0,0,0,0,True,0,0
262518,"購買武器",0,0,0,0,True,0,0
262519,"購買工具",0,0,0,0,True,0,0
262520,"購買武器",0,0,0,0,True,0,0
262521,"購買戰鬥精英防具",0,0,0,0,True,0,0
262522,"購買魔法導師防具",0,0,0,0,True,0,0
262523,"購買工具",0,0,0,0,True,0,0
262524,"購買武器",0,0,0,0,True,0,0
262525,"購買戰鬥精英防具",0,0,0,0,True,0,0
262526,"購買魔法導師防具",0,0,0,0,True,0,0
262527,"購買工具",0,0,0,0,True,0,0
262528,"購買武器",0,0,0,0,True,0,0
262529,"購買戰鬥精英防具",0,0,0,0,True,0,0
262530,"購買魔法導師防具",0,0,0,0,True,0,0
262531,"購買工具",0,0,0,0,True,0,0
262532,"購買武器",0,0,0,0,True,0,0
262533,"購買戰鬥精英防具",0,0,0,0,True,0,0
262534,"購買魔法導師防具",0,0,0,0,True,0,0
262536,"購買工具",0,0,0,0,True,0,0
262537,"購買武器",0,0,0,0,True,0,0
262538,"購買戰鬥精英防具",0,0,0,0,True,0,0
262539,"購買魔法導師防具",0,0,0,0,True,0,0
262540,"購買工具",0,0,0,0,True,0,0
262541,"購買武器",0,0,0,0,True,0,0
262542,"購買戰鬥精英防具",0,0,0,0,True,0,0
262543,"購買魔法導師防具",0,0,0,0,True,0,0
262544,"購買能工巧匠及大地使者防具",0,0,0,0,True,0,0
262545,"購買工具",0,0,0,0,True,0,0
262546,"購買武器",0,0,0,0,True,0,0
262547,"購買戰鬥精英防具",0,0,0,0,True,0,0
262548,"購買魔法導師防具",0,0,0,0,True,0,0
262549,"購買能工巧匠及大地使者防具",0,0,0,0,True,0,0
262550,"購買工具",0,0,0,0,True,0,0
262551,"購買武器",0,0,0,0,True,0,0
262552,"購買戰鬥精英防具",0,0,0,0,True,0,0
262553,"購買魔法導師防具",0,0,0,0,True,0,0
262554,"購買工具",0,0,0,0,True,0,0
262555,"購買武器",0,0,0,0,True,0,0
262556,"購買戰鬥精英防具",0,0,0,0,True,0,0
262557,"購買魔法導師防具",0,0,0,0,True,0,0
262558,"購買道具",0,0,0,0,True,23,0
262559,"購買道具",0,0,0,0,True,22,0
262560,"",0,0,0,0,False,0,0
262561,"",0,0,0,0,False,0,0
262562,"",0,0,0,0,False,0,0
262564,"購買工具",0,0,0,0,True,0,0
262565,"購買武器",0,0,0,0,True,0,0
262566,"購買戰鬥精英防具",0,0,0,0,True,0,0
262567,"購買魔法導師防具",0,0,0,0,True,0,0
262569,"購買武器",0,0,0,0,True,0,0
262570,"購買工具",0,0,0,0,True,0,0
262571,"購買武器",0,0,0,0,True,0,0
262572,"購買戰鬥精英防具",0,0,0,0,True,0,0
262573,"購買魔法導師防具",0,0,0,0,True,0,0
262574,"購買寵物（消耗Gil）",0,0,0,0,True,0,0
262575,"",0,0,0,0,True,28,0
262576,"",0,0,0,0,False,0,0
262577,"",0,0,0,0,False,0,0
262578,"",0,0,0,0,False,0,0
262579,"",0,0,0,0,False,0,0
262580,"",0,0,0,0,False,0,0
262581,"",0,0,0,0,False,0,0
262582,"",0,0,0,0,False,0,0
262584,"",0,0,0,0,False,0,0
262585,"購買道具",0,0,0,0,True,31,0
262586,"購買道具",0,0,0,0,True,32,0
262587,"購買道具",0,0,0,0,True,33,0
262588,"購買道具",60412,0,0,0,True,0,0
262603,"",0,0,0,0,False,0,0
262604,"",0,0,0,0,False,0,0
262605,"",0,0,0,0,False,0,0
262606,"",0,0,0,0,False,0,0
262607,"",0,0,0,0,False,0,0
262608,"",0,0,0,0,False,0,0
262609,"購買水壺",0,0,593139,592260,True,0,0
262610,"複製聖靈購買武器·覺醒",0,0,0,0,True,0,0
262611,"複製新聖靈購買武器",0,0,0,0,True,0,0
262612,"購買道具（消耗Gil）",0,0,0,593234,True,0,0
262613,"",0,0,0,0,False,0,0
262614,"",0,0,0,0,False,0,0
262615,"",0,0,0,0,False,0,0
262616,"",0,0,0,0,False,0,0
262617,"",0,0,0,0,False,0,0
262618,"",0,0,0,0,False,0,0
262619,"",0,0,0,0,False,0,0
262620,"",0,0,0,0,False,0,0
262621,"購買工具",0,0,0,0,True,0,0
262622,"購買能工巧匠及大地使者防具",0,0,0,0,True,0,0
262623,"",0,0,0,0,False,0,0
262624,"",0,0,0,0,False,0,0
262625,"複製聖靈購買武器·超導",0,0,0,593415,True,0,0
262626,"再次購買季節活動報酬（紅蓮祭1）",0,0,0,0,True,0,0
262627,"再次購買季節活動報酬（紅蓮祭2）",0,0,0,0,True,0,0
262628,"再次購買季節活動報酬（守護天節）",0,0,0,0,True,0,0
262629,"再次購買季節活動報酬（星芒祭）",0,0,0,0,True,0,0
262630,"再次購買季節活動報酬（降神祭）",0,0,0,0,True,0,0
262631,"再次購買季節活動報酬（戀人節）",0,0,0,0,True,0,0
262632,"再次購買季節活動報酬（女兒節）",0,0,0,0,True,0,0
262633,"再次購買季節活動報酬（彩蛋狩獵）",0,0,0,0,True,0,0
262634,"再次購買季節活動報酬（其他）",0,0,0,0,True,0,0
262635,"購買道具",0,0,0,0,True,0,0
262636,"購買道具",0,0,0,0,True,38,0
262637,"購買道具",0,0,0,0,True,0,0
262638,"購買道具1",0,0,0,0,True,0,0
262639,"購買道具",0,0,0,0,True,0,0
262640,"購買能工巧匠及大地使者飾品",0,0,0,0,True,0,0
262641,"購買道具",0,0,0,0,True,37,0
262642,"購買道具",0,0,0,0,True,0,0
262643,"購買道具",0,0,0,0,True,0,0
262644,"購買道具",0,0,0,0,True,0,0
262645,"複製百煉成鋼的聖靈武器",0,0,0,593415,True,0,0
262646,"購買季節活動報酬",0,0,0,0,True,43,0
262647,"購買季節活動報酬",0,0,0,0,True,44,0
262648,"購買道具（消耗Gil）",0,0,0,0,True,46,0
262649,"",0,0,0,0,False,0,0
262650,"",0,0,0,0,False,0,0
262651,"",0,0,0,0,False,0,0
262652,"複製聖靈武器·靈慧",0,67932,0,0,True,0,0
262653,"複製真聖靈武器",0,67940,0,0,True,0,0
262654,"購買道具（室內建材）",0,0,0,0,True,0,0
262655,"購買道具（床椅）",0,0,0,0,True,0,0
262656,"購買道具（桌台、菜餚）",0,0,0,0,True,0,0
262657,"購買道具（櫃子、地毯、燈具）",0,0,0,0,True,0,0
262658,"購買道具（其他）",0,0,0,0,True,0,0
262659,"購買繪畫作品（拉諾西亞）",0,0,0,0,True,0,0
262660,"購買繪畫作品（黑衣森林）",0,0,0,0,True,0,0
262661,"購買繪畫作品（薩納蘭）",0,0,0,0,True,0,0
262662,"購買繪畫作品（庫爾札斯、摩杜納）",0,0,0,0,True,0,0
262663,"",0,0,0,0,True,45,0
262664,"",0,0,0,0,True,47,0
262665,"季節活動報酬",0,0,0,0,True,50,0
262666,"季節活動報酬",0,0,0,0,True,51,0
262667,"季節活動報酬",0,0,0,0,True,52,0
262668,"",0,0,0,0,True,0,0
262669,"",0,0,0,0,True,0,0
262670,"",0,0,0,0,True,0,0
262671,"購買拉拉菲爾服裝",0,0,0,0,True,0,0
262672,"購買魯加服裝",0,0,0,0,True,0,0
262673,"購買精靈服裝",0,0,0,0,True,0,0
262674,"購買人族服裝",0,0,0,0,True,0,0
262675,"購買貓魅服裝",0,0,0,0,True,0,0
262676,"購買敖龍服裝",0,0,0,0,True,0,0
262677,"再次購買騎士裝備",0,0,0,0,True,0,0
262678,"再次購買戰士裝備",0,0,0,0,True,0,0
262679,"再次購買暗黑騎士裝備",0,0,0,0,True,0,0
262680,"再次購買武僧裝備",0,0,0,0,True,0,0
262681,"再次購買龍騎士裝備",0,0,0,0,True,0,0
262682,"再次購買忍者裝備",0,0,0,0,True,0,0
262683,"再次購買吟遊詩人裝備",0,0,0,0,True,0,0
262684,"再次購買機工士裝備",0,0,0,0,True,0,0
262685,"再次購買黑魔道士裝備",0,0,0,0,True,0,0
262686,"再次購買召喚士裝備",0,0,0,0,True,0,0
262687,"再次購買白魔道士裝備",0,0,0,0,True,0,0
262688,"再次購買學者裝備",0,0,0,0,True,0,0
262689,"再次購買占星術師裝備",0,0,0,0,True,0,0
262690,"購買道具（庭具、樂譜）",0,0,0,0,True,0,0
262691,"購買道具",0,0,0,0,True,0,0
262692,"購買道具",0,66754,0,0,True,0,0
262693,"購買道具",0,66789,0,0,True,0,0
262694,"購買道具",0,66857,0,0,True,0,0
262695,"購買道具",0,66911,0,0,True,0,0
262696,"購買道具",0,67023,0,0,True,0,0
262697,"購買道具",0,67701,0,0,True,0,0
262698,"購買道具",0,67791,0,0,True,0,0
262699,"購買道具",0,67856,0,0,True,0,0
262700,"購買防具（1～9級）",0,0,0,0,True,0,0
262701,"購買防具（10～19級）",0,0,0,0,True,0,0
262702,"購買防具（20～29級）",0,0,0,0,True,0,0
262703,"購買防具（30～39級）",0,0,0,0,True,0,0
262704,"購買防具（40～49級）",0,0,0,0,True,0,0
262705,"購買防具（1～9級）",0,0,0,0,True,0,0
262706,"購買防具（10～19級）",0,0,0,0,True,0,0
262707,"購買防具（20～29級）",0,0,0,0,True,0,0
262708,"購買防具（30～39級）",0,0,0,0,True,0,0
262709,"購買防具（40～49級）",0,0,0,0,True,0,0
262710,"購買防具（1～9級）",0,0,0,0,True,0,0
262711,"購買防具（10～19級）",0,0,0,0,True,0,0
262712,"購買防具（20～29級）",0,0,0,0,True,0,0
262713,"購買防具（30～39級）",0,0,0,0,True,0,0
262714,"購買防具（40～49級）",0,0,0,0,True,0,0
262715,"購買武器（1～9級）",0,0,0,0,True,0,0
262716,"購買武器（10～19級）",0,0,0,0,True,0,0
262717,"購買武器（20～29級）",0,0,0,0,True,0,0
262718,"購買武器（30～39級）",0,0,0,0,True,0,0
262719,"購買武器（40～49級）",0,0,0,0,True,0,0
262720,"購買武器（1～9級）",0,0,0,0,True,0,0
262721,"購買武器（10～19級）",0,0,0,0,True,0,0
262722,"購買武器（20～29級）",0,0,0,0,True,0,0
262723,"購買武器（30～39級）",0,0,0,0,True,0,0
262724,"購買武器（40～49級）",0,0,0,0,True,0,0
262725,"購買工具（1～9級）",0,0,0,0,True,0,0
262726,"購買工具（10～19級）",0,0,0,0,True,0,0
262727,"購買工具（20～29級）",0,0,0,0,True,0,0
262728,"購買工具（30～39級）",0,0,0,0,True,0,0
262729,"購買工具（40～49級）",0,0,0,0,True,0,0
262730,"購買工具（1～9級）",0,0,0,0,True,0,0
262731,"購買工具（10～19級）",0,0,0,0,True,0,0
262732,"購買工具（20～29級）",0,0,0,0,True,0,0
262733,"購買工具（30～39級）",0,0,0,0,True,0,0
262734,"購買工具（40～49級）",0,0,0,0,True,0,0
262735,"購買戰鬥職業飾品",0,0,0,0,True,0,0
262736,"購買製作採集職業飾品",0,0,0,0,True,0,0
262737,"購買防具（50級）",0,0,0,0,True,0,0
262738,"購買防具（52級）",0,0,0,0,True,0,0
262739,"購買防具（54級）",0,0,0,0,True,0,0
262740,"購買防具（56級）",0,0,0,0,True,0,0
262741,"購買防具（58級）",0,0,0,0,True,0,0
262743,"購買防具（50級）",0,0,0,0,True,0,0
262744,"購買防具（52級）",0,0,0,0,True,0,0
262745,"購買防具（54級）",0,0,0,0,True,0,0
262746,"購買防具（56級）",0,0,0,0,True,0,0
262747,"購買防具（58級）",0,0,0,0,True,0,0
262749,"購買防具（50～60級）",0,0,0,0,True,0,0
262750,"購買武器（50級）",0,0,0,0,True,0,0
262751,"購買武器（52級）",0,0,0,0,True,0,0
262752,"購買武器（54級）",0,0,0,0,True,0,0
262753,"購買武器（56級）",0,0,0,0,True,0,0
262754,"購買武器（58級）",0,0,0,0,True,0,0
262756,"購買武器（50級）",0,0,0,0,True,0,0
262757,"購買武器（52級）",0,0,0,0,True,0,0
262758,"購買武器（54級）",0,0,0,0,True,0,0
262759,"購買武器（56級）",0,0,0,0,True,0,0
262760,"購買武器（58級）",0,0,0,0,True,0,0
262762,"購買工具（50～60級）",0,0,0,0,True,0,0
262763,"購買工具（50～60級）",0,0,0,0,True,0,0
262764,"購買戰鬥職業飾品",0,0,0,0,True,0,0
262765,"購買製作職業及採集職業飾品",0,0,0,0,True,0,0
262766,"購買道具",0,0,0,0,True,0,0
262767,"購買道具",0,0,0,0,True,0,0
262768,"購買道具",0,0,0,0,True,0,0
262769,"購買道具",0,0,0,0,True,0,0
262770,"購買道具",0,0,0,0,True,0,0
262771,"購買道具",0,0,0,0,True,0,0
262772,"購買道具",0,0,0,0,True,0,0
262773,"購買道具",0,0,0,0,True,0,0
262774,"購買道具",0,0,0,0,True,0,0
262775,"購買道具",0,0,0,0,True,0,0
262776,"購買道具",0,0,0,0,True,0,0
262777,"購買道具",0,0,0,0,True,0,0
262778,"購買道具",0,0,0,0,True,0,0
262779,"購買道具",0,0,0,0,True,0,0
262780,"購買道具",0,0,0,0,True,0,0
262781,"購買道具",0,0,0,0,True,0,0
262782,"購買道具",0,0,0,0,True,0,0
262783,"購買道具",0,0,0,0,True,0,0
262784,"購買道具",0,0,0,0,True,0,0
262785,"購買道具",0,0,0,0,True,0,0
262786,"購買道具",0,0,0,0,True,0,0
262787,"購買道具",0,0,0,0,True,0,0
262788,"購買道具",0,0,0,0,True,0,0
262789,"購買道具",0,0,0,0,True,0,0
262790,"購買道具",0,0,0,0,True,0,0
262791,"購買道具",0,0,0,0,True,0,0
262792,"購買道具",0,0,0,0,True,0,0
262793,"購買道具",0,0,0,0,True,0,0
262794,"購買道具",0,0,0,0,True,0,0
262795,"購買道具",0,0,0,0,True,0,0
262796,"購買道具",0,0,0,0,True,0,0
262797,"購買道具",0,0,0,0,True,0,0
262798,"購買道具",0,0,0,0,True,0,0
262799,"購買道具",0,0,0,0,True,0,0
262800,"購買道具",0,0,0,0,True,0,0
262801,"購買道具",0,0,0,0,True,0,0
262802,"購買道具",0,0,0,0,True,0,0
262803,"購買道具",0,0,0,0,True,0,0
262804,"購買道具",0,0,0,0,True,0,0
262805,"購買道具",0,0,0,0,True,0,0
262806,"購買道具",0,0,0,0,True,0,0
262807,"購買道具",0,0,0,0,True,0,0
262808,"購買道具",0,0,0,0,True,0,0
262809,"購買道具",0,0,0,0,True,0,0
262810,"購買道具",0,0,0,0,True,0,0
262811,"購買道具",0,0,0,0,True,0,0
262813,"購買道具",0,0,0,0,True,0,0
262814,"購買道具",0,0,0,0,True,0,0
262817,"購買道具",0,0,0,0,True,0,0
262818,"購買道具",0,0,0,0,True,0,0
262819,"購買道具",0,0,0,0,True,0,0
262820,"購買防具（60級）",0,0,0,0,True,0,0
262821,"購買戰鬥精英防具",0,0,0,0,True,0,0
262822,"購買戰鬥精英防具",0,0,0,0,True,0,0
262823,"購買戰鬥精英防具",0,0,0,0,True,0,0
262824,"購買戰鬥精英防具",0,0,0,0,True,0,0
262825,"購買戰鬥精英防具",0,0,0,0,True,0,0
262826,"",0,0,0,0,False,0,0
262827,"購買防具（60級）",0,0,0,0,True,0,0
262828,"購買魔法導師防具",0,0,0,0,True,0,0
262829,"購買魔法導師防具",0,0,0,0,True,0,0
262830,"購買魔法導師防具",0,0,0,0,True,0,0
262831,"購買魔法導師防具",0,0,0,0,True,0,0
262832,"購買魔法導師防具",0,0,0,0,True,0,0
262833,"",0,0,0,0,False,0,0
262834,"購買能工巧匠防具",0,0,0,0,True,0,0
262835,"購買武器（60級）",0,0,0,0,True,0,0
262836,"購買武器",0,0,0,0,True,0,0
262837,"購買武器",0,0,0,0,True,0,0
262838,"購買武器",0,0,0,0,True,0,0
262839,"購買武器",0,0,0,0,True,0,0
262840,"購買武器",0,0,0,0,True,0,0
262841,"",0,0,0,0,False,0,0
262842,"購買武器（60級）",0,0,0,0,True,0,0
262843,"大地使者購買防具",0,0,0,0,True,0,0
262844,"購買能工巧匠工具（主工具）",0,0,0,0,True,0,0
262845,"購買能工巧匠工具（副工具）",0,0,0,0,True,0,0
262846,"購買大地使者工具",0,0,0,0,True,0,0
262847,"購買戰鬥職業飾品",0,0,0,0,True,0,0
262848,"購買戰鬥職業飾品",0,0,0,0,True,0,0
262849,"購買戰鬥職業飾品",0,0,0,0,True,0,0
262850,"購買戰鬥職業飾品",0,0,0,0,True,0,0
262851,"購買戰鬥職業飾品",0,0,0,0,True,0,0
262852,"購買工具",0,0,0,0,True,0,0
262853,"購買工具",0,0,0,0,True,0,0
262854,"購買工具",0,0,0,0,True,0,0
262855,"購買工具",0,0,0,0,True,0,0
262856,"購買製作採集職業防具",0,0,0,0,True,0,0
262857,"購買製作採集職業防具",0,0,0,0,True,0,0
262858,"購買製作採集職業防具",0,0,0,0,True,0,0
262859,"購買製作採集職業防具",0,0,0,0,True,0,0
262860,"購買製作採集職業防具",0,0,0,0,True,0,0
262861,"購買道具",0,0,0,0,True,0,0
262862,"購買道具",0,0,0,0,True,0,0
262863,"購買道具",0,0,0,0,True,0,0
262864,"購買道具",0,0,0,0,True,0,0
262865,"購買道具",0,0,0,0,True,0,0
262866,"購買道具",0,0,0,0,True,0,0
262867,"購買道具",0,0,0,0,True,0,0
262868,"購買道具",0,0,0,0,True,0,0
262869,"購買道具",0,0,0,0,True,0,0
262870,"購買道具",0,0,0,0,True,0,0
262871,"購買道具",0,0,0,0,True,0,0
262872,"購買道具",0,0,0,0,True,0,0
262873,"購買道具",0,0,0,0,True,0,0
262874,"購買道具",0,0,0,0,True,0,0
262875,"購買道具",0,0,0,0,True,0,0
262876,"購買道具",0,0,0,0,True,0,0
262877,"購買道具",0,0,0,0,True,0,0
262878,"購買道具",0,0,0,0,True,0,0
262879,"購買道具",0,0,0,0,True,0,0
262880,"購買道具",0,0,0,0,True,0,0
262881,"購買道具",0,0,0,0,True,0,0
262882,"購買道具",0,0,0,0,True,0,0
262883,"購買道具",0,0,0,0,True,0,0
262884,"購買道具",0,0,0,0,True,0,0
262885,"購買道具",0,0,0,0,True,0,0
262886,"購買道具",0,0,0,0,True,0,0
262887,"購買道具",0,0,0,0,True,0,0
262888,"購買道具",0,0,0,0,True,0,0
262889,"購買道具",0,0,0,0,True,0,0
262890,"購買道具",0,0,0,0,True,0,0
262891,"購買道具",0,0,0,0,True,0,0
262892,"購買繪畫作品（基拉巴尼亞）",0,68456,0,0,True,0,0
262893,"購買繪畫作品（奧薩德）",0,68456,0,0,True,0,0
262894,"購買季節活動報酬",0,0,0,0,True,53,0
262895,"購買季節活動報酬",0,0,0,0,True,54,0
262896,"再次購買70級購買武器",0,0,0,0,True,0,0
262897,"再次購買70級購買防具（戰鬥精英1）",0,0,0,0,True,0,0
262898,"再次購買70級購買防具（戰鬥精英2）",0,0,0,0,True,0,0
262899,"再次購買70級購買防具（魔法導師）",0,0,0,0,True,0,0
262900,"複製真聖靈武器·靈光",0,67940,0,0,True,0,0
262901,"購買道具（武具投影相關）",0,68554,0,0,True,0,0
262902,"購買道具",0,0,0,0,True,0,0
262903,"",0,0,0,0,True,61,0
262904,"",0,0,0,0,True,62,0
262905,"",0,0,0,0,True,63,0
262906,"購買繪畫作品（德拉瓦尼亞）",0,67643,0,0,True,0,0
262907,"購買繪畫作品（阿巴拉提亞）",0,67643,0,0,True,0,0
262908,"購買道具",0,0,0,0,True,0,0
262909,"",0,0,0,0,True,66,0
262910,"時尚商店",0,0,594792,594791,True,0,0
262911,"購買60級工具",0,68633,0,0,True,0,0
262912,"購買63級工具",0,68633,0,0,True,0,0
262913,"購買65級工具",0,68633,0,0,True,0,0
262914,"購買60級防具",0,68633,0,0,True,0,0
262915,"購買63級防具",0,68633,0,0,True,0,0
262916,"購買65級防具",0,68633,0,0,True,0,0
262917,"購買道具",0,68633,0,0,True,0,0
262918,"複製禁地兵裝（戰鬥精英）",0,0,0,0,True,0,0
262919,"",0,0,0,0,True,0,0
262920,"再次購買任務報酬1",60412,0,0,0,True,0,0
262921,"",0,0,0,0,True,71,0
262922,"複製禁地兵裝（魔法導師）",0,0,0,0,True,0,0
262923,"",0,0,0,0,True,0,0
262924,"",0,0,0,0,True,13,0
262925,"",0,0,0,0,False,0,0
262926,"再次購買青魔道士裝備",0,68728,0,0,True,0,0
262927,"",0,0,0,0,True,0,0
262928,"購買道具",0,0,0,0,True,0,0
262929,"購買道具2",0,0,0,0,True,0,0
262930,"購買道具",0,68741,0,0,True,82,0
262931,"",0,0,0,595156,True,83,0
262932,"",0,0,0,595164,True,85,0
262933,"購買武器（62級）",0,0,0,0,True,0,0
262934,"購買武器（64級）",0,0,0,0,True,0,0
262935,"購買武器（66級）",0,0,0,0,True,0,0
262936,"購買武器（68級）",0,0,0,0,True,0,0
262937,"購買武器（70級）",0,0,0,0,True,0,0
262938,"購買防具（62級）",0,0,0,0,True,0,0
262939,"購買防具（64級）",0,0,0,0,True,0,0
262940,"購買防具（66級）",0,0,0,0,True,0,0
262941,"購買防具（68級）",0,0,0,0,True,0,0
262942,"購買防具（70級）",0,0,0,0,True,0,0
262943,"購買防具（62級）",0,0,0,0,True,0,0
262944,"購買防具（64級）",0,0,0,0,True,0,0
262945,"購買防具（66級）",0,0,0,0,True,0,0
262946,"購買防具（68級）",0,0,0,0,True,0,0
262947,"購買防具（70級）",0,0,0,0,True,0,0
262948,"購買戰鬥職業飾品",0,0,0,0,True,0,0
262949,"購買道具",0,0,0,0,True,0,0
262950,"購買製作職業及採集職業飾品",0,0,0,0,True,0,0
262951,"再次購買60級防具",0,0,0,0,True,0,0
262952,"購買道具（隔離牆、牆面裝飾）",0,0,0,0,True,0,0
262953,"購買戰鬥精英防具",0,0,0,0,True,0,0
262954,"購買戰鬥精英防具",0,0,0,0,True,0,0
262955,"購買戰鬥精英防具",0,0,0,0,True,0,0
262956,"購買戰鬥精英防具",0,0,0,0,True,0,0
262957,"購買戰鬥精英防具",0,0,0,0,True,0,0
262958,"購買魔法導師防具",0,0,0,0,True,0,0
262959,"購買魔法導師防具",0,0,0,0,True,0,0
262960,"購買魔法導師防具",0,0,0,0,True,0,0
262961,"購買魔法導師防具",0,0,0,0,True,0,0
262962,"購買魔法導師防具",0,0,0,0,True,0,0
262963,"購買武器",0,0,0,0,True,0,0
262964,"購買武器",0,0,0,0,True,0,0
262965,"購買武器",0,0,0,0,True,0,0
262966,"購買武器",0,0,0,0,True,0,0
262967,"購買武器",0,0,0,0,True,0,0
262968,"購買戰鬥職業飾品",0,0,0,0,True,0,0
262969,"購買戰鬥職業飾品",0,0,0,0,True,0,0
262970,"購買戰鬥職業飾品",0,0,0,0,True,0,0
262971,"購買戰鬥職業飾品",0,0,0,0,True,0,0
262972,"購買戰鬥職業飾品",0,0,0,0,True,0,0
262973,"購買工具",0,0,0,0,True,0,0
262974,"購買工具",0,0,0,0,True,0,0
262975,"購買工具",0,0,0,0,True,0,0
262976,"能工巧匠購買工具（主工具）",0,0,0,0,True,0,0
262977,"能工巧匠購買工具（副工具）",0,0,0,0,True,0,0
262978,"大地使者購買工具",0,0,0,0,True,0,0
262979,"購買製作職業及採集職業防具",0,0,0,0,True,0,0
262980,"購買製作職業及採集職業防具",0,0,0,0,True,0,0
262981,"購買製作職業及採集職業防具",0,0,0,0,True,0,0
262982,"購買製作職業及採集職業防具",0,0,0,0,True,0,0
262983,"購買能工巧匠防具",0,0,0,0,True,0,0
262984,"購買大地使者防具",0,0,0,0,True,0,0
262985,"購買道具",0,0,0,0,True,0,0
262986,"購買道具",0,0,0,0,True,0,0
262987,"購買道具",0,0,0,0,True,0,0
262988,"購買道具",0,0,0,0,True,0,0
262989,"購買道具",0,0,0,0,True,0,0
262990,"購買道具",0,0,0,0,True,0,0
262991,"購買道具",0,0,0,0,True,0,0
262992,"購買道具",0,0,0,0,True,0,0
262993,"購買道具",0,0,0,0,True,0,0
262994,"購買道具",0,0,0,0,True,0,0
262995,"購買道具",0,0,0,0,True,0,0
262996,"購買道具",0,0,0,0,True,0,0
262997,"購買道具",0,0,0,0,True,0,0
262998,"購買道具",0,0,0,0,True,0,0
262999,"購買道具",0,0,0,0,True,0,0
263000,"購買道具",0,0,0,0,True,0,0
263001,"購買道具",0,0,0,0,True,0,0
263002,"購買道具",0,0,0,0,True,0,0
263003,"購買道具",0,0,0,0,True,0,0
263004,"購買道具",0,0,0,0,True,0,0
263005,"購買道具",0,0,0,0,True,0,0
263006,"購買道具",0,0,0,0,True,0,0
263007,"購買維艾拉服裝",0,0,0,0,True,0,0
263008,"購買硌獅服裝",0,0,0,0,True,0,0
263009,"シーズナルイベント報酬の購入",0,0,0,0,True,89,0
263010,"購買道具",0,0,0,0,True,0,0
263011,"購買道具",0,0,0,0,True,0,0
263012,"購買道具",0,0,0,0,True,0,0
263013,"購買繪畫作品（第一世界）",0,69140,0,0,True,0,0
263014,"購買道具",0,0,0,0,True,0,0
263015,"購買道具",0,0,0,0,True,0,0
263016,"購買道具",0,0,0,0,True,0,0
263017,"購買工具",0,69330,0,0,True,0,0
263018,"購買防具",0,69330,0,0,True,0,0
263019,"購買道具",0,69330,0,0,True,0,0
263020,"",0,0,0,0,True,103,0
263021,"購買道具",0,0,0,0,True,0,0
263022,"購買天鋼工具",0,69384,0,0,True,0,0
263023,"購買道具",0,0,0,0,True,0,0
263024,"複製天鋼工具",0,0,0,0,True,0,0
263025,"購買道具",0,0,0,0,True,0,0
263026,"購買工具",0,69432,0,0,True,0,0
263027,"購買防具",0,69432,0,0,True,0,0
263028,"購買道具",0,69432,0,0,True,0,0
263029,"購買古董",0,0,0,0,True,0,0
263030,"購買道具",0,0,0,597023,True,107,0
263031,"複製義軍武器（戰鬥精英1）",0,0,0,0,True,0,0
263032,"複製義軍武器（戰鬥精英2）",0,0,0,0,True,0,0
263033,"購買道具（通用素材）",0,67116,0,0,True,0,0
263034,"購買道具（通用素材）",0,0,0,0,True,0,0
263035,"購買道具（通用素材）",0,0,0,0,True,0,0
263036,"",0,0,0,597316,True,0,0
263037,"",0,0,0,0,True,108,0
263038,"",0,0,0,0,True,113,0
263039,"",0,0,0,0,True,113,0
263040,"複製義軍武器（魔法導師）",0,0,0,0,True,0,0
263041,"",0,0,0,0,True,117,0
263042,"購買道具",0,0,0,0,True,0,0
263043,"購買珍稀物品",0,0,0,0,True,0,0
263044,"購買珍稀物品",0,0,0,0,True,0,0
263045,"再次購買成就報酬3",0,0,0,0,True,0,0
263046,"",0,0,0,0,True,0,0
263047,"",0,0,0,0,True,0,0
263048,"",0,0,0,0,True,0,0
263049,"",0,0,0,0,True,123,0
263050,"",0,0,0,0,True,122,0
263051,"",0,0,0,0,True,121,0
263052,"購買武器",0,0,0,0,True,0,0
263053,"購買武器",0,0,0,0,True,0,0
263054,"購買武器",0,0,0,0,True,0,0
263055,"購買武器",0,0,0,0,True,0,0
263056,"購買武器",0,0,0,0,True,0,0
263057,"購買戰鬥精英防具",0,0,0,0,True,0,0
263058,"購買戰鬥精英防具",0,0,0,0,True,0,0
263059,"購買戰鬥精英防具",0,0,0,0,True,0,0
263060,"購買戰鬥精英防具",0,0,0,0,True,0,0
263061,"購買戰鬥精英防具",0,0,0,0,True,0,0
263062,"購買魔法導師防具",0,0,0,0,True,0,0
263063,"購買魔法導師防具",0,0,0,0,True,0,0
263064,"購買魔法導師防具",0,0,0,0,True,0,0
263065,"購買魔法導師防具",0,0,0,0,True,0,0
263066,"購買魔法導師防具",0,0,0,0,True,0,0
263067,"購買戰鬥職業飾品",0,0,0,0,True,0,0
263068,"購買戰鬥職業飾品",0,0,0,0,True,0,0
263069,"購買戰鬥職業飾品",0,0,0,0,True,0,0
263070,"購買戰鬥職業飾品",0,0,0,0,True,0,0
263071,"購買戰鬥職業飾品",0,0,0,0,True,0,0
263072,"購買工具",0,0,0,0,True,0,0
263073,"購買工具",0,0,0,0,True,0,0
263074,"購買工具",0,0,0,0,True,0,0
263075,"購買能工巧匠工具（主工具）",0,0,0,0,True,0,0
263076,"購買能工巧匠工具（副工具）",0,0,0,0,True,0,0
263077,"購買大地使者工具",0,0,0,0,True,0,0
263078,"購買製作職業及採集職業防具",0,0,0,0,True,0,0
263079,"購買製作職業及採集職業防具",0,0,0,0,True,0,0
263080,"購買製作職業及採集職業防具",0,0,0,0,True,0,0
263081,"購買能工巧匠防具",0,0,0,0,True,0,0
263082,"購買大地使者防具",0,0,0,0,True,0,0
263083,"購買武器（70級）",0,0,0,0,True,0,0
263084,"購買武器（72級）",0,0,0,0,True,0,0
263085,"購買武器（74級）",0,0,0,0,True,0,0
263086,"購買武器（76級）",0,0,0,0,True,0,0
263087,"購買武器（78級）",0,0,0,0,True,0,0
263088,"購買武器（80級）",0,0,0,0,True,0,0
263089,"購買防具（70級）",0,0,0,0,True,0,0
263090,"購買防具（72級）",0,0,0,0,True,0,0
263091,"購買防具（74級）",0,0,0,0,True,0,0
263092,"購買防具（76級）",0,0,0,0,True,0,0
263093,"購買防具（78級）",0,0,0,0,True,0,0
263094,"購買防具（80級）",0,0,0,0,True,0,0
263095,"購買防具（70級）",0,0,0,0,True,0,0
263096,"購買防具（72級）",0,0,0,0,True,0,0
263097,"購買防具（74級）",0,0,0,0,True,0,0
263098,"購買防具（76級）",0,0,0,0,True,0,0
263099,"購買防具（78級）",0,0,0,0,True,0,0
263100,"購買防具（80級）",0,0,0,0,True,0,0
263101,"購買戰鬥職業飾品",0,0,0,0,True,0,0
263102,"購買製作職業及採集職業飾品",0,0,0,0,True,0,0
263103,"購買道具",0,0,0,0,True,0,0
263104,"購買道具",0,0,0,0,True,0,0
263105,"購買道具",0,0,0,0,True,0,0
263106,"購買道具",0,0,0,0,True,0,0
263107,"購買道具",0,0,0,0,True,0,0
263108,"購買道具",0,0,0,0,True,0,0
263109,"購買道具",0,0,0,0,True,0,0
263110,"購買道具",0,0,0,0,True,0,0
263111,"購買道具",0,0,0,0,True,0,0
263112,"購買道具",0,0,0,0,True,0,0
263113,"購買道具",0,0,0,0,True,0,0
263114,"購買道具",0,0,0,0,True,0,0
263115,"購買道具",0,0,0,0,True,0,0
263116,"購買道具",0,0,0,0,True,0,0
263117,"購買道具",0,0,0,0,True,0,0
263118,"購買道具",0,0,0,0,True,0,0
263119,"購買道具",0,0,0,0,True,0,0
263120,"購買道具",0,0,0,0,True,0,0
263121,"購買道具",0,0,0,0,True,0,0
263122,"購買道具",0,0,0,0,True,0,0
263123,"購買道具（栽培用品）",0,0,0,0,True,0,0
263124,"アイテムの購入",0,0,0,0,True,127,0
263125,"アイテムの購入",0,0,0,0,True,126,0
263126,"購買道具",0,70081,0,0,True,0,0
263127,"アイテムの購入",0,0,0,0,True,129,0
263128,"アイテムの購入",0,0,0,0,True,130,0
263129,"アイテムの購入",0,0,0,0,True,131,0
263130,"購買繪畫作品（北洋地域）",0,69710,0,0,True,0,0
263131,"購買繪畫作品（伊爾薩巴德）",0,69710,0,0,True,0,0
263132,"購買繪畫作品（古代世界）",0,69710,0,0,True,0,0
263133,"購買繪畫作品（星外天域）",0,69710,0,0,True,0,0
263134,"再次購買任務報酬2",0,0,0,0,True,0,0
263135,"再次購買武士裝備",0,0,0,0,True,0,0
263136,"再次購買赤魔道士裝備",0,0,0,0,True,0,0
263137,"再次購買絕槍戰士裝備",0,0,0,0,True,0,0
263138,"再次購買舞者裝備",0,0,0,0,True,0,0
263139,"再次購買奪魂者裝備",0,0,0,0,True,0,0
263140,"再次購買賢者裝備",0,0,0,0,True,0,0
263141,"購買道具",0,0,0,0,True,0,0
263142,"購買工具",0,0,0,0,True,0,0
263143,"購買防具",0,0,0,0,True,0,0
263144,"購買道具",0,0,0,0,True,0,0
263145,"購買道具",0,0,0,0,True,132,0
263146,"購買道具",0,0,0,0,True,133,0
263147,"購買道具",0,0,0,0,True,135,0
263148,"",0,0,0,0,False,0,0
263149,"購買道具",0,70186,0,0,True,0,0
263150,"アイテムの購入",0,0,0,0,True,0,0
263151,"複製曼德維爾購買武器（購買戰鬥精英1）",0,70261,0,0,True,0,0
263152,"",0,0,0,0,True,138,0
263153,"",0,0,0,0,True,134,1
263154,"",0,0,0,0,True,134,2
263155,"",0,0,0,0,True,134,3
263156,"",0,0,0,0,True,140,0
263157,"購買工具",0,0,0,0,True,0,0
263158,"購買防具",0,0,0,0,True,0,0
263159,"購買道具",0,0,0,0,True,0,0
263160,"複製莫雯卓越購買工具",0,70303,0,0,True,0,0
263161,"",0,0,0,0,True,142,0
263162,"",0,0,0,0,True,143,0
263163,"",0,0,0,0,True,141,0
263164,"購買道具",0,0,599264,0,True,0,0
263165,"",0,0,0,0,True,145,0
263166,"",0,0,0,0,True,144,0
263167,"購買道具",0,0,0,0,True,0,0
263168,"",0,0,0,0,True,145,0
263169,"複製曼德維爾購買武器（戰鬥精英2）",0,70261,0,0,True,0,0
263170,"購買道具（魔法景觀）",0,0,0,0,True,0,0
263171,"複製曼德維爾購買武器（魔法導師）",0,70261,0,0,True,0,0
263172,"購買武器",0,0,0,0,True,0,0
263173,"購買武器",0,0,0,0,True,0,0
263174,"購買武器",0,0,0,0,True,0,0
263175,"購買武器",0,0,0,0,True,0,0
263176,"購買武器",0,0,0,0,True,0,0
263177,"購買戰鬥精英防具",0,0,0,0,True,0,0
263178,"購買戰鬥精英防具",0,0,0,0,True,0,0
263179,"購買戰鬥精英防具",0,0,0,0,True,0,0
263180,"購買戰鬥精英防具",0,0,0,0,True,0,0
263181,"購買戰鬥精英防具",0,0,0,0,True,0,0
263182,"購買魔法導師防具",0,0,0,0,True,0,0
263183,"購買魔法導師防具",0,0,0,0,True,0,0
263184,"購買魔法導師防具",0,0,0,0,True,0,0
263185,"購買魔法導師防具",0,0,0,0,True,0,0
263186,"購買魔法導師防具",0,0,0,0,True,0,0
263187,"購買戰鬥職業飾品",0,0,0,0,True,0,0
263188,"購買戰鬥職業飾品",0,0,0,0,True,0,0
263189,"購買戰鬥職業飾品",0,0,0,0,True,0,0
263190,"購買戰鬥職業飾品",0,0,0,0,True,0,0
263191,"購買戰鬥職業飾品",0,0,0,0,True,0,0
263192,"購買工具",0,0,0,0,True,0,0
263193,"購買工具",0,0,0,0,True,0,0
263194,"購買工具",0,0,0,0,True,0,0
263195,"購買能工巧匠工具（主工具）",0,0,0,0,True,0,0
263196,"購買能工巧匠工具（副工具）",0,0,0,0,True,0,0
263197,"大地使者購買工具",0,0,0,0,True,0,0
263198,"購買製作職業及採集職業防具",0,0,0,0,True,0,0
263199,"購買製作職業及採集職業防具",0,0,0,0,True,0,0
263200,"購買製作職業及採集職業防具",0,0,0,0,True,0,0
263201,"購買能工巧匠防具",0,0,0,0,True,0,0
263202,"購買大地使者防具",0,0,0,0,True,0,0
263203,"購買道具",0,0,0,0,True,0,0
263204,"購買道具",0,0,0,0,True,0,0
263205,"購買道具",0,0,0,0,True,0,0
263206,"購買道具",0,0,0,0,True,0,0
263207,"購買道具",0,0,0,0,True,0,0
263208,"購買道具",0,0,0,0,True,0,0
263209,"購買道具",0,0,0,0,True,0,0
263210,"購買道具",0,0,0,0,True,0,0
263211,"購買道具",0,0,0,0,True,0,0
263212,"購買道具",0,0,0,0,True,0,0
263213,"再次購買80級武器防具",0,0,0,0,True,0,0
263214,"",0,0,0,0,True,150,0
263215,"",0,0,0,0,True,151,0
263216,"",0,0,0,0,False,0,0
263217,"",0,0,0,0,False,0,0
263218,"",0,0,0,0,False,0,0
263219,"",0,0,0,0,True,152,0
263220,"",0,0,0,0,True,0,0
263221,"",0,0,0,0,False,0,0
263222,"",0,0,0,0,False,0,0
263223,"",0,0,0,0,False,0,0
263224,"",0,0,0,0,False,0,0
263225,"",0,0,0,0,False,0,0
263226,"",0,0,0,0,False,0,0
263227,"",0,0,0,0,False,0,0
263228,"",0,0,0,0,False,0,0
263229,"",0,0,0,0,False,0,0
263230,"",0,0,0,0,False,0,0
263231,"",0,0,0,0,False,0,0
263232,"",0,0,0,0,False,0,0
263233,"購買道具（柱子·擺件）",0,0,0,0,True,0,0
263234,"",0,0,0,0,False,0,0
263235,"",0,0,0,0,False,0,0
263236,"",0,0,0,0,False,0,0
263237,"",0,0,0,0,False,0,0
263238,"",0,0,0,0,False,0,0
263239,"",0,0,0,0,False,0,0
263240,"",0,0,0,0,False,0,0
263241,"",0,0,0,0,False,0,0
263242,"",0,0,0,0,False,0,0
263243,"",0,0,0,0,False,0,0
263244,"",0,0,0,0,False,0,0
263245,"",0,0,0,0,False,0,0
263246,"",0,0,0,0,False,0,0
263247,"",0,0,0,0,False,0,0
263248,"",0,0,0,0,False,0,0
263249,"",0,0,0,0,False,0,0
263250,"",0,0,0,0,False,0,0
263251,"",0,0,0,0,False,0,0
263252,"",0,0,0,0,False,0,0
263253,"",0,0,0,0,False,0,0
263254,"",0,0,0,0,False,0,0
263255,"",0,0,0,0,False,0,0
263256,"",0,0,0,0,False,0,0
263257,"",0,0,0,0,False,0,0
263258,"",0,0,0,0,False,0,0
263259,"",0,0,0,0,False,0,0
263260,"",0,0,0,0,False,0,0
263261,"",0,0,0,0,False,0,0
263262,"",0,0,0,0,False,0,0
263263,"",0,0,0,0,False,0,0
263264,"",0,0,0,0,False,0,0
263265,"",0,0,0,0,False,0,0
263266,"",0,0,0,0,False,0,0
263267,"",0,0,0,0,False,0,0
263268,"",0,0,0,0,False,0,0
263269,"",0,0,0,0,False,0,0
263270,"",0,0,0,0,False,0,0
263271,"",0,0,0,0,False,0,0
263272,"",0,0,0,0,False,0,0
263273,"",0,0,0,0,False,0,0
263274,"",0,0,0,0,False,0,0
263275,"",0,0,0,0,False,0,0
263276,"",0,0,0,0,False,0,0
263277,"",0,0,0,0,False,0,0
263278,"",0,0,0,0,False,0,0
263279,"",0,0,0,0,False,0,0
263280,"",0,0,0,0,False,0,0
263281,"",0,0,0,0,False,0,0
263282,"",0,0,0,0,False,0,0
